step,alpha_1e-05,alpha_0.0001,alpha_0.001
1,37036961713.05038,27885469817.45998,34879438563.28962
2,35952852554.747,21135149897.679466,49418960901.11675
3,34910196505.183525,16580251733.431614,74223081073.01808
4,33907243279.09401,13408384411.932722,112398985275.01688
5,32942318878.96221,11122286668.286654,170605304591.83502
6,32013822238.326054,9415672839.313387,259236278548.32855
7,31120222013.186016,8098234515.713475,394145238336.4721
8,30260053514.977585,7050305775.731994,599461001962.4384
9,29431915778.85686,6195433003.15656,911899735416.1316
10,28634468761.324314,5483754980.013001,1387329495052.1174
11,27866430661.475662,4881912784.164483,2110759281681.9932
12,27126575360.421158,4366906441.69079,3211538342600.8027
13,26413729973.65548,3922339279.2987647,4886483243696.362
14,25726772511.391125,3536108702.4890537,7435067705386.104
15,25064629642.08823,3198974868.7383943,11312966955545.744
16,24426274554.624413,2903663653.050918,17213530039467.12
17,23810724914.74949,2644296059.7988176,26191746891966.582
18,23217040911.662148,2416018194.2297606,39852874806774.4
19,22644323390.729675,2214755407.8698077,60639449683662.055
20,22091712068.54741,2037044146.4344957,92267998092280.28
21,21558383826.70277,1879913122.0174828,140393531876676.03
22,21043551080.768944,1740796387.9838765,213620633293647.53
23,20546460221.207115,1617467541.6646414,325041907165122.6
24,20066390123.002697,1507988322.2010772,494578866855321.44
25,19602650721.000984,1410667338.0821452,752543791651734.6
26,19154581648.04204,1324026172.4569914,1145059396121672.0
27,18721550933.122597,1246771049.4605093,1742305318611510.8
28,18302953756.934826,1177768828.3112614,2651065855819946.0
29,17898211262.249577,1116026460.9446769,4033822409592187.0
30,17506769416.722775,1060673286.4377059,6137804270744674.0
31,17128097925.811203,1010945691.7964568,9339191860792684.0
32,16761689193.5856,966173774.4063178,1.4210375728850368e+16
33,16407057329.327154,925769715.2383087,2.1622296843590524e+16
34,16063737197.886374,889217625.1942264,3.2900166063369264e+16
35,15731283511.872927,856064666.8046982,5.006040457201644e+16
36,15409269963.830114,825913284.2551744,7.61711689311461e+16
37,15097288396.62932,798414399.169712,1.1590092065170286e+17
38,14794948010.397615,773261449.5023669,1.763531215165136e+17
39,14501874604.366203,750185165.4303329,2.6833629360116278e+17
40,14217709852.098661,728948990.0903369,4.082965237616115e+17
41,13942110608.625858,709345064.8895892,6.212579337956742e+17
42,13674748248.079624,691190709.3409969,9.452968562216122e+17
43,13415308030.479332,674325334.2057415,1.4383496737726574e+18
44,13163488496.384943,658607734.3941767,2.1885715269839875e+18
45,12919000888.187037,643913714.7515165,3.330097969995383e+18
46,12681568596.858446,630134007.6784377,5.067027672211235e+18
47,12450926633.044155,617172446.6244307,7.709914141385592e+18
48,12226821121.415646,604944363.941084,1.1731290988148005e+19
49,12009008817.263332,593375185.4762973,1.7850158344841011e+19
50,11797256644.346058,582399197.6997951,2.716053614714673e+19
51,11591341253.059855,571958466.1365864,4.132706890044295e+19
52,11391048598.029737,562001886.5013831,6.288265499067797e+19
53,11196173534.267656,552484352.2197144,9.5681315028747e+19
54,11006519431.077845,543366024.0308722,1.4558726960541966e+20
55,10821897802.926605,534611689.129103,2.2152342978141743e+20
56,10642127956.528538,526190198.84339905,3.3706676466374685e+20
57,10467036653.43386,518073975.2097599,5.1287578904406956e+20
58,10296457787.43337,510238577.97643334,7.803841925797537e+20
59,10130232076.127527,502662324.6230564,1.1874210111642492e+21
60,9968206766.035168,495325956.8868381,1.8067621963142948e+21
61,9810235350.644844,488212348.08881253,2.7491425562950133e+21
62,9656177300.838127,481306246.25457907,4.1830545327159504e+21
63,9505897807.139439,474594048.63900423,6.364873725303399e+21
64,9359267533.271128,468063603.8037284,9.68469744351015e+21
65,9216162380.515303,461704037.8693279,1.4736091966673129e+22
66,9076463262.406214,455505601.9788123,2.242221894043426e+22
67,8940055889.297773,449459538.37294674,3.4117315727249298e+22
68,8806830562.37106,443557962.7969807,5.1912401512313035e+22
69,8676681976.665749,437793761.2382196,7.898914006951613e+22
70,8549509032.737849,432160499.23935443,1.2018870380022313e+23
71,8425214656.563674,426652342.24776554,1.8287734881611366e+23
72,8303705627.326688,421263985.6498861,2.7826346114524336e+23
73,8184892412.7399845,415990593.3053661,4.234015547020426e+23
74,8068689011.572447,410827743.541111,6.44241524871047e+23
75,7955012803.061273,405771381.69274133,9.802683475270891e+23
76,7843784402.907568,400817778.39286023,1.4915617762388583e+24
77,7734927525.565144,395963492.90362084,2.2695382728098744e+24
78,7628368852.545337,391205340.87715805,3.4532957694431936e+24
79,7524037906.473011,386540366.0029623,5.254483616392085e+24
80,7421866930.640548,381965815.0675213,7.995144325382989e+24
81,7321790773.817772,377479116.00968117,1.2165293005061277e+25
82,7223746780.086505,373077858.60618,1.8510529375828825e+25
83,7127674683.47858,368759777.4665496,2.816534691197898e+25
84,7033516507.205975,364522737.0558437,4.285597405485348e+25
85,6941216467.280983,360364718.4981039,6.52090143938237e+25
86,6850720880.333301,356283807.94370174,9.922106898728482e+25
87,6761978075.439434,352278186.3102164,1.5097330671987575e+26
88,6674938309.787905,348346120.22979593,2.2971874395804584e+26
89,6589553688.011635,344485954.05635744,3.495366331451948e+26
90,6505778085.026227,340696102.8039274,5.3184975594674087e+26
91,6423567072.220012,336975045.9031317,8.092546991579797e+26
92,6342877846.848556,333321321.6766671,1.2313499457069473e+27
93,6263669164.49276,329733522.4466864,1.8736038114701264e+27
94,6185901274.445978,326210290.1976741,2.850847766383735e+27
95,6109535857.901421,322750312.7277075,4.337807671685943e+27
96,6034535968.816865,319352320.22920054,6.600343805943035e+27
97,5960865977.339092,316015082.24740183,1.0042985225234456e+28
98,5888491515.675626,312737404.9712429,1.5281257340482848e+28
99,5817379426.306362,309518128.81665224,2.325173448620794e+28
100,5747497712.432364,306356126.267325,3.537949427661618e+28
101,5678815490.563657,303250299.94219726,5.383291366979883e+28
102,5611302945.152164,300199580.8626196,8.19113628793562e+28
103,5544931285.180096,297202926.8955111,1.2463511467925068e+29
104,5479672702.617995,294259321.3516626,1.8964294165132128e+29
105,5415500332.670515,291367771.7208876,2.8855788684209268e+29
106,5352388215.731527,288527308.5279453,4.390654001342523e+29
107,5290311260.973659,285736984.2951091,6.680753997222918e+29
108,5229245211.5006695,282995872.5989731,1.0165336179476408e+30
109,5169166610.994193,280303067.21058494,1.5467424737496145e+30
110,5110052771.789422,277657681.30932343,2.3535004035885246e+30
111,5051881744.317165,275058846.7620919,3.5810513021368014e+30
112,4994632287.852522,272505713.4604194,5.448874539805587e+30
113,4938283842.512949,269997448.7089575,8.290926670842573e+30
114,4882816502.451125,267533236.65964052,1.2615351034259868e+31
115,4828210990.190358,265112277.78647107,1.919533099687011e+31
116,4774448632.05259,262733788.39649674,2.920733090016785e+31
117,4721511334.631269,260397000.1730728,4.4441441434429865e+31
118,4669381562.26346,258101159.74797687,6.762143803967066e+31
119,4618042315.457543,255845528.29934746,1.0289177702077122e+32
120,4567477110.234815,253629381.17278308,1.565586016121296e+32
121,4517669958.3451185,251452007.5232484,2.38217245813506e+32
122,4468605348.318371,249312709.97571924,3.6246782750118624e+32
123,4420268227.315568,247210804.30273685,5.515256694567193e+32
124,4372643983.744417,245145619.1172583,8.391932772811036e+32
125,4325718430.606312,243116495.57937944,1.2769040420684623e+33
126,4279477789.5427856,241122787.11566982,1.942918248741661e+33
127,4233908675.551035,239163859.15000835,2.956315585921661e+33
128,4188998082.339383,237239088.84493107,4.498285941379009e+33
129,4144733368.2949033,235347864.85262132,6.844525160563904e+33
130,4101102243.0365634,233489587.07476625,1.0414527952224978e+34
131,4058092754.5284963,231663666.4305922,1.5846591242384962e+34
132,4015693276.7290716,229869524.63247076,2.4111938165145842e+34
133,3973892497.752533,228106593.9685493,3.668836743417611e+34
134,3932679408.520975,226374317.0919238,5.582447565044058e+34
135,3892043291.885427,224672146.81592208,8.494169404615311e+34
136,3851973712.195716,222999545.91510993,1.2924602163053795e+35
137,3812460505.2997065,221355986.93167678,1.96658829269935e+35
138,3773493768.953343,219740951.9868887,2.992331573684855e+35
139,3735063853.6237397,218153932.5973323,4.553087334096199e+35
140,3697161353.6683583,216594429.4956973,6.927910146795295e+35
141,3659777098.874024,215061952.45587242,1.0541405310336873e+36
142,3622902146.340301,213556020.12214807,1.6039645948381817e+36
143,3586527772.6923385,212076159.84234217,2.4405687342005798e+36
144,3550645466.609064,210621907.50467932,3.7135331824193643e+36
145,3515246921.6531034,209192807.3782685,5.650457003599521e+36
146,3480324029.3895116,207788411.95703945,8.597651557465286e+36
147,3445868872.7808642,206408281.8070085,1.3082059071769972e+37
148,3411873719.846893,205051985.41675445,1.990546702357098e+37
149,3378331017.5773115,203719099.05099496,3.0287863344196247e+37
150,3345233386.0869746,202409206.6071634,4.608556357258161e+37
151,3312573613.0030413,201121899.47488898,7.012310989607783e+37
152,3280344648.0741873,199856776.398296,1.066982838075328e+38
153,3248539597.9924183,198613443.34103745,1.6235052587292031e+38
154,3217151721.4184055,197391513.3539887,2.4703015185097956e+38
155,3186174424.201668,196190606.4455258,3.758774145966394e+38
156,3155601254.787335,195010349.45432484,5.719294982625564e+38
157,3125425899.801531,193850375.92461365,8.702394405204684e+38
158,3095642179.8078218,192710325.9838191,1.3241434235128661e+39
159,3066244045.2274694,191589846.22254783,2.0147969907957012e+39
160,3037225572.416551,190488589.57685006,3.0656852135775986e+39
161,3008580959.8933225,189406215.21270952,4.664701144424792e+39
162,2980304524.709464,188342388.41271272,7.09774006490545e+39
163,2952390698.959175,187296780.4648461,1.079981599446629e+40
164,2924834026.420281,186269068.55337718,1.6432839812073827e+40
165,2897629159.3218217,185258935.6517745,2.5003965292338616e+40
166,2870770855.2328153,184266070.41762224,3.804566267852973e+40
167,2844253974.0671043,183290167.08948848,5.788971596005157e+40
168,2818073475.1994486,182330925.38570806,8.808413306536096e+40
169,2792224414.6882005,181388050.40503922,1.3402751022703925e+41
170,2766701942.6001344,180461252.5291573,2.0393427138948822e+41
171,2741501300.43317,179550247.32694894,3.1030336217326114e+41
172,2716617818.632928,178654755.46057063,4.72152992824497e+41
173,2692046914.1992264,177774502.59323686,7.184209899364712e+41
174,2667784088.378795,176909219.2987051,1.093138721188087e+42
175,2643824924.4406524,176058640.9724234,1.6633036624756668e+42
176,2620165085.5307364,175222507.7443093,2.530858179278553e+42
177,2596800312.6025243,174400564.39312878,3.850916262691062e+42
178,2573726422.420538,173592560.26244426,5.859497060592238e+42
179,2550939305.633739,172798249.1781021,8.915723807272909e+42
180,2528434924.9159584,172017389.36723065,1.3566033088774776e+43
181,2506209313.1706467,171249743.37871957,2.0641874708546458e+43
182,2484258571.797304,170495078.00515324,3.140837035374001e+43
183,2462578869.017117,169753164.2061706,4.77905104166365e+43
184,2441166438.2553864,169023777.03322512,7.27173317227099e+43
185,2420017576.5784674,168306695.55571765,1.1064561325609695e+44
186,2399128643.183027,167601702.7884786,1.6835672380693807e+44
187,2378496057.9355235,166908585.62057117,2.5616909353108757e+44
188,2358116299.959891,166227134.74539462,3.897830926894932e+44
189,2337985906.2715225,165557144.59206092,5.930881717709957e+44
190,2318101470.4556894,164898413.25802213,9.024341642619015e+44
191,2298459641.3886623,164250742.4429249,1.3731304375794057e+45
192,2279057121.99982,163613937.3836709,2.0893349047230983e+45
193,2259890668.0731673,162987806.7906577,3.179100997709723e+45
194,2240957087.0866704,162372162.78518257,4.837272919143813e+45
195,2222253237.087973,161766820.83798376,7.360322717378051e+45
196,2203776025.6050553,161171599.70890072,1.1199357863302069e+46
197,2185522408.5904794,160586321.3876323,1.7040776792866762e+46
198,2167489389.397933,160010811.03557193,2.59289931841402e+46
199,2149674017.7898126,159444896.9287002,3.945317139677682e+46
200,2132073388.9746702,158888410.40151677,6.003136034666915e+46
201,2114684642.6733685,158341185.79198965,9.134282739475932e+46
202,2097504962.2128685,157803060.3875067,1.3898589117898831e+47
203,2080531573.6465824,157273874.37180755,2.1147887029305903e+47
204,2063761744.9003022,156753470.7728807,3.217831119479104e+47
205,2047192784.94275,156241695.41180658,4.8962040979031964e+47
206,2030822042.9798028,155738396.8525292,7.449991524789749e+47
207,2014646907.6715448,155243426.35254028,1.1335796590507337e+48
208,1998664806.3712752,154756637.81445774,1.7248379936242184e+48
209,1982873204.385675,154277887.73848468,2.6244879047503005e+48
210,1967269604.255348,153807035.17572907,3.993381864060016e+48
211,1951851545.0550067,153343941.6823717,6.076270606292123e+48
212,1936616601.7125735,152888471.2746649,9.245563218778313e+48
213,1921562384.3465223,152440490.3847482,1.406791184446416e+49
214,1906686537.620807,151999867.81726408,2.1405525978304426e+49
215,1891986740.1167462,151566474.70676127,3.2570330797755866e+49
216,1877460703.7212598,151140184.47587004,4.955853219166136e+49
217,1863106173.0308812,150720872.79423544,7.540752742864863e+49
218,1848920924.7709935,150308417.5381947,1.1473897513573187e+50
219,1834902767.229762,149902698.7511854,1.7458512252181963e+50
220,1821049539.706237,149503598.60487095,2.656461326232182e+50
221,1807359111.97216,149111001.3609699,4.042032147891237e+50
222,1793829383.7469888,148724793.33377713,6.1502961564885345e+50
223,1780458284.1856997,148344862.85336295,9.358199397857795e+50
224,1767243771.3789237,147971100.22943896,1.4239297383699797e+51
225,1754183831.865023,147603397.7158779,2.1666303672462182e+51
226,1741276480.1536894,147241649.47587556,3.2967126268794637e+51
227,1728519758.260688,146885751.54774332,5.016229029430663e+51
228,1715911735.2533922,146535601.8113191,7.632619680145049e+51
229,1703450506.8067381,146191099.95498687,1.1613680882579166e+52
230,1691134194.7692742,145852147.44329137,1.767120455290675e+52
231,1678960946.738978,145518647.4851396,2.688824271201455e+52
232,1666928935.6485298,145190505.0025768,4.091275124882649e+52
233,1655036359.359735,144867626.60012707,6.225223539805448e+52
234,1643281440.2668154,144549920.53468782,9.472207792835602e+52
235,1631662424.9082978,144237296.68596873,1.4412770866290775e+53
236,1620177583.587218,143929666.52746445,2.1930258350256773e+53
237,1608825209.999397,143626943.0979522,3.3368755791007638e+53
238,1597603620.8695424,143329040.97350353,5.077340381750996e+53
239,1586511155.5949347,143035876.24000248,7.72560580730627e+53
240,1575546175.8964696,142747366.46615916,1.1755167194305991e+54
241,1564707065.476852,142463430.67701072,1.7886488026014012e+54
242,1553992229.6857054,142183989.32790127,2.721581485116686e+54
243,1543400095.1914237,141908964.27893063,4.141118015653627e+54
244,1532929109.6595454,141638278.76986462,6.301063743030198e+54
245,1522577741.437483,141371857.39549765,9.587605121044344e+54
246,1512344479.2454119,141109626.08146068,1.4588357729082447e+55
247,1502227831.8731532,140851512.06046426,2.2197428716014722e+55
248,1492226327.8828816,140597443.84897065,3.3775278256324024e+55
249,1482338515.3174949,140347351.22428688,5.139196237035714e+55
250,1472562961.4144948,140101165.20206976,7.819724759134103e+55
251,1462898252.325222,139858818.01423767,1.1898377195241145e+56
252,1453342992.8393102,139620243.08727908,1.8104394239051343e+56
253,1443895806.1142108,139385375.02095306,2.754737771249087e+56
254,1434555333.4096627,139154149.5673725,4.191568128790387e+56
255,1425320233.82697,138926503.61046502,6.377827886799139e+56
256,1416189184.052971,138702375.14580292,9.704408303479332e+56
257,1407160878.1085718,138481703.26079723,1.4766083718810245e+57
258,1398234027.1017315,138264428.11524704,2.246785394558674e+57
259,1389407358.9847865,138050490.92224067,3.418675327413705e+57
260,1380679618.3160043,137839833.92939878,5.201805665361684e+57
261,1372049566.025262,137632400.40045628,7.914990336522953e+57
262,1363515979.1837568,137428134.59717515,1.2043331884620842e+58
263,1355077650.7776346,137226981.76158217,1.832495514414511e+58
264,1346733389.485462,137028888.0985273,2.78829799138681e+58
265,1338482019.4594321,136833800.75855386,4.2426328619176626e+58
266,1330322380.1102302,136641667.82107866,6.455527227228344e+58
267,1322253325.8954678,136452438.27787313,9.822634467279819e+58
268,1314273726.1116054,136266062.01684147,1.4945974895875188e+59
269,1306382464.6892734,136082489.80609122,2.274157369209246e+59
270,1298578439.99194,135901673.27828866,3.460324118004533e+59
271,1290860564.6178184,135723564.91529652,5.265177847304077e+59
272,1283227765.2049694,135548118.03308648,8.0114165084998205e+59
273,1275678982.2395093,135375286.76692337,1.2190052517509325e+60
274,1268213169.86687,135205026.05681518,1.8548203082685704e+60
275,1260829295.7060335,135037291.63322374,2.8222670665478407e+60
276,1253526340.6666877,134872040.00303286,4.2943197027834255e+60
277,1246303298.7692356,134709228.4357671,6.534173157564048e+60
278,1239159176.9675975,134548814.95005897,9.94230094824029e+60
279,1232092994.9747512,134390758.30035728,1.5128057638165016e+61
280,1225103785.0909576,134235017.963876,2.301862809173453e+61
281,1218190592.0346029,134081554.1277752,3.502480304469943e+61
282,1211352472.7756224,133930327.67657278,5.329322075282498e+61
283,1204588496.3714423,133781300.17978187,8.109017414272528e+61
284,1197897743.8053937,133634433.87976907,1.2338560607915507e+62
285,1191279307.827547,133489691.67983136,1.8774170790070016e+62
286,1184732292.7979298,133347037.13248557,2.856649977701611e+62
287,1178255814.5320642,133206434.42796825,4.346636230356873e+62
288,1171849000.1487978,133067848.38294107,6.613777209853366e+62
289,1165510987.9203722,132931244.42939886,1.0063425293352507e+63
290,1159240927.1246946,132796588.60377623,1.5312358644922095e+63
291,1153037977.899764,132663847.53624836,2.3299057769684123e+63
292,1146901311.1002216,132532988.44022425,3.545150068275715e+63
293,1140830108.1559756,132403979.10202783,5.39424775492357e+63
294,1134823560.9328701,132276787.87076287,8.207807365303038e+63
295,1128880871.5953653,132151383.64836015,1.2488877931947588e+64
296,1123001252.471172,132027735.87980178,1.90028914005012e+64
297,1117183925.91784,131905814.54352127,2.89145176649932e+64
298,1111428124.1912272,131785590.14197396,4.3995901159396886e+64
299,1105733089.315851,131667033.69237714,6.694351056635118e+64
300,1100098072.9570668,131550116.71761508,1.0186025263378429e+65
301,1094522336.2950475,131434811.23730654,1.5498904940658373e+65
302,1089005149.900541,131321089.75903183,2.3582903846037727e+65
303,1083545793.6123645,131208925.26971704,3.588339666194739e+65
304,1078143556.4166143,131098291.22717145,5.459964406440124e+65
305,1072797736.3275557,130989161.55177617,8.307800847405945e+65
306,1067507640.2701728,130881510.61832155,1.2641026531006176e+66
307,1062272583.964343,130775313.24799027,1.9234398451847466e+66
308,1057091891.8106148,130670544.70048217,2.9266775360132457e+66
309,1051964896.777562,130567180.66628179,4.4531891242909404e+66
310,1046890940.2906823,130465197.25906184,6.77590651265154e+66
311,1041869372.122828,130364571.00822334,1.0310118835454588e+67
312,1036899550.286131,130265278.85156803,1.5687723879118106e+67
313,1031980840.9254068,130167298.12810223,2.3870207941846783e+67
314,1027112618.2130111,130070606.57096785,3.632055431224458e+67
315,1022294264.245129,129975182.30050054,5.52648166602711e+67
316,1017525168.9394639,129881003.81741044,8.409012522872561e+67
317,1012804729.9343233,129788049.99608561,1.2795028715016216e+68
318,1008132352.4890577,129696300.0780132,1.946872589055967e+68
319,1003507449.3858527,129605733.66531923,2.962332451484995e+68
320,998929440.8328371,129516330.7144226,4.507441114765639e+68
321,994397754.3684942,129428071.52980198,6.858455536580622e+68
322,989911824.7673597,129340936.75787412,1.0435724205728e+69
323,985471093.9469769,129254907.38098067,1.5878843147288672e+69
324,981075010.8761023,129169964.71148217,2.4161012185220665e+69
325,976723031.4841318,129086090.38595694,3.676303773515504e+69
326,972414618.5717381,129003266.35950328,5.593809287274655e+69
327,968149241.7226934,128921474.900143,8.511457232620927e+69
328,963926377.2168701,128840698.58332396,1.2950907065698472e+70
329,959745507.9443883,128760920.28652124,1.970590807664916e+70
330,955606123.3209075,128682123.18393317,2.9984217410829205e+70
331,951507719.2040372,128604290.74127239,4.562354042467192e+70
332,947449797.8108492,128527406.71064907,6.942010232789707e+70
333,943431867.6364865,128451455.12554501,1.056285979202446e+71
334,939453443.3738358,128376420.29587716,1.6072290769460599e+71
335,935514045.834265,128302286.8031485,2.445535921750406e+71
336,931613201.8693984,128229039.49568522,3.721091181311623e+71
337,927750444.293923,128156663.48395824,5.66195714259818e+71
338,923925311.8094063,128085144.135988,8.615149998371914e+71
339,920137348.9291126,128014467.0728301,1.3108684439880588e+72
340,916386105.9038028,127944618.16414213,1.9945979788725834e+72
341,912671138.6485074,127875583.52382787,3.0349506966687107e+72
342,908992008.6702547,127807349.50575952,4.61793595941386e+72
343,905348282.9967436,127739902.69957565,7.026582853110326e+72
344,901739534.1059436,127673229.92655304,1.0691544236549093e+73
345,898165339.8566188,127607318.2355524,1.6268095111336658e+73
346,894625283.4197494,127542154.89903572,2.4753292199529538e+73
347,891118953.2108498,127477727.40915349,3.766424221901082e+73
348,887645942.8231645,127414023.47390226,5.730935224686106e+73
349,884205850.9617347,127351031.01334941,8.720106024851967e+73
350,880798281.3783149,127288738.1559251,1.3268383972848763e+74
351,877422842.8071402,127227133.23477964,2.0188976229097933e+74
352,874079148.9015214,127166204.78420557,3.071924674573385e+74
353,870766818.1712639,127105941.53612286,4.674195015719449e+74
354,867485473.9208931,127046332.41662619,7.11218579863476e+74
355,864234744.1886824,126987366.54259346,1.082179640861994e+75
356,861014261.6864685,126929033.21835414,1.6466284884191263e+75
357,857823663.740242,126871321.93241632,2.5054854817946343e+75
358,854662592.2315065,126814222.35425244,3.81230954257962e+75
359,851530693.5393945,126757724.3311403,5.800753647965021e+75
360,848427618.4835281,126701817.88506146,8.826340702022556e+75
361,845353022.2676182,126646493.20965347,1.3430029081740079e+76
362,842306564.4237884,126591740.66721597,2.0434933028933888e+76
363,839287908.7576145,126537550.78577004,3.109349096382659e+76
364,836296723.293876,126483914.25616913,4.7311394607883664e+76
365,833332680.2229989,126430821.92926109,7.198831621534372e+76
366,830395455.8481909,126378264.81310023,1.0953635407434758e+77
367,827484730.5332555,126326234.07020862,1.6666889149080427e+77
368,824600188.6510748,126274721.01488547,2.5360091291626215e+77
369,821741518.5327542,126223717.11056447,3.8587538716251685e+77
370,818908412.4174207,126173213.96721698,5.871422650082818e+77
371,816100566.4026629,126123203.33880144,8.933869607336875e+77
372,813317680.3956082,126073677.12075803,1.3593643468976252e+78
373,810559458.0646261,126024627.34754634,2.0683886253487002e+78
374,807825606.7916504,125976046.19022815,3.147229449731981e+78
375,805115837.6251129,125927925.95409082,4.788777644525296e+78
376,802429865.2334766,125880259.0763141,7.286533026900276e+78
377,799767407.8593678,125833038.12367721,1.1087080564871707e+79
378,797128187.2742918,125786255.79030637,1.686993732110318e+79
379,794511928.7339272,125739904.89546236,2.5669046378147516e+79
380,791918360.933996,125693978.3813662,3.905764019284458e+79
381,789347215.9666935,125648469.31106399,5.942952593409898e+79
382,786798229.2776752,125603370.86632879,9.04270850802396e+79
383,784271139.6235958,125558676.34559928,1.3759251125739053e+80
384,781765689.0301877,125514379.16195507,2.093587240738356e+80
385,779281622.7508767,125470472.84112725,3.1855712891111354e+80
386,776818689.2259232,125426951.01954393,4.847118018559521e+80
387,774376640.0420874,125383807.44241038,7.375302874606208e+80
388,771955229.8928084,125341035.96182252,1.1222151448323907e+81
389,769554216.5388896,125298630.53491388,1.7075459173714598e+81
390,767173360.7696875,125256585.2220347,2.598176538035779e+81
391,764812426.3647932,125214894.18496338,3.953346878771564e+81
392,762471180.0562032,125173551.68514901,6.015353966558541e+81
393,760149391.4909731,125132552.08198513,9.152873363400707e+81
394,757846833.1943449,125091889.83111325,1.392687633548837e+82
395,755563280.5333459,125051559.4827564,2.119092843997588e+82
396,753298511.6808497,125011555.68008201,3.224380236678767e+82
397,751052307.5800964,124971873.15759324,4.906169137484209e+82
398,748824451.9096612,124932506.73954858,7.465154181194242e+82
399,746614731.0488737,124893451.33840945,1.1358867863568687e+83
400,744422934.0436722,124854701.95331435,1.7283484843091728e+83
401,742248852.5728948,124816253.66858019,2.6298294153017003e+83
402,740092280.9150012,124778101.65223019,4.001509427278744e+83
403,737953015.9152124,124740241.15454653,6.088637385920988e+83
404,735830856.9530735,124702667.50664935,9.264380327212049e+83
405,733725605.9104275,124665376.11910008,1.4096543677522827e+84
406,731637067.1397915,124628362.48052934,2.14490917507602e+84
407,729565047.4331442,124591622.15628895,3.2636619830867344e+84
408,727509355.9911009,124555150.7871272,4.965939660110844e+84
409,725469804.3924845,124518944.08788764,7.556100121783468e+84
410,723446206.5642841,124482997.84623036,1.1497249857671814e+85
411,721438378.7519913,124447307.92137592,1.7494044832552374e+85
412,719446139.4903166,124411870.2428708,2.6618679109521054e+85
413,717469309.5742778,124376680.80937472,4.0502587269994706e+85
414,715507712.0306519,124341735.6874691,6.16281359722606e+85
415,713561172.0897938,124307031.01048625,9.377245749999565e+85
416,711629517.157809,124272562.9773592,1.4268278030583988e+86
417,709712576.7890838,124238327.85149105,2.1710400194860535e+86
418,707810182.6591594,124204321.95964508,3.3034222883145567e+86
419,705922168.5379535,124170541.69085304,5.026438350738788e+86
420,704048370.2633204,124136983.49534327,7.64815403200182e+86
421,702188625.7149475,124103643.88348718,1.1637317721926948e+87
422,700342774.7885811,124070519.42476441,1.7707170017028082e+87
423,698510659.3705817,124037606.74674562,2.694296722870776e+87
424,696692123.3128004,124004902.53409317,4.09960192616402e+87
425,694887012.4077721,123972403.52757964,6.2378934771149275e+87
426,693095174.3642294,123940106.52312247,9.491486181499114e+87
427,691316458.7829202,123908008.37083659,1.4442104576504425e+88
428,689550717.1327348,123876105.97410242,2.1974892088579866e+88
429,687797802.7271374,123844396.2886511,3.343666982514057e+88
430,686057570.7008933,123812876.32166484,5.0876740804405816e+88
431,684329877.9870918,123781543.13089366,7.741329409941651e+88
432,682614583.2944623,123750393.82378656,1.1779091994831142e+89
433,680911547.0849761,123719425.55663869,1.7922891647591176e+89
434,679220631.551733,123688635.53375313,2.7271206061745185e+89
435,677541700.5971265,123658021.00661673,4.1495462600875764e+89
436,675874619.8112869,123627579.27309106,6.31388803473582e+89
437,674219256.4507992,123597307.67661662,9.607118373067322e+89
438,672575479.4176873,123567203.60543177,1.4618048803899884e+90
439,670943159.2386657,123537264.49180432,2.224260621501779e+90
440,669322168.0446563,123507487.81127697,3.384401966864142e+90
441,667712379.5505611,123477871.0819261,5.149655828362517e+90
442,666113669.035293,123448411.86363263,7.835639918138768e+90
443,664525913.3220598,123419107.75736643,1.1922593465096245e+91
444,662948990.7588967,123389956.40448214,1.8141241356037313e+91
445,661382781.199447,123360955.48602864,2.760344373910442e+91
446,659827165.983984,123332102.72206871,4.200099052231226e+91
447,658282027.9206747,123303395.87101221,6.3908084133584996e+91
448,656747251.2670815,123274832.72895953,9.724159280138162e+91
449,655222721.7118945,123246411.1290572,1.4796136511907173e+92
450,653708326.3569008,123218128.94086404,2.2513581829758137e+92
451,652203953.6991768,123189984.06972912,3.425633214436212e+92
452,650709493.6135076,123161974.45617977,5.2123926830414246e+92
453,649224837.3350314,123134098.07532023,7.931099385576001e+92
454,647749877.4420992,123106352.93624142,1.2067843174697374e+93
455,646284507.8393552,123078737.08143988,1.8362251159523626e+93
456,644828623.7410294,123051248.58624774,2.793972897761675e+93
457,643382121.6544416,123023885.55827184,4.251267715275763e+93
458,641944899.3637156,122996646.13684297,6.468665892008106e+93
459,640516855.9136986,122969528.49247457,9.842626064708986e+93
460,639097891.5940825,122942530.82633041,1.4976393813966878e+94
461,637687907.9237293,122915651.36970225,2.2787858666624765e+94
462,636286807.6351926,122888888.38349567,3.467366771069962e+94
463,634894494.659435,122862240.15772535,5.275893843737304e+94
464,633510874.1107404,122835705.01101868,8.0277218097109e+94
465,632135852.2718152,122809281.29012889,1.221486242195832e+95
466,630769336.5790793,122782967.36945465,1.8585953465263723e+95
467,629411235.6081425,122756761.65057021,2.8280111087617715e+95
468,628061459.0594654,122730662.56176214,4.303059752208688e+95
469,626719917.7442005,122704668.5575747,6.547471887119121e+95
470,625386523.5702131,122678778.11836274,9.962536097857143e+95
471,624061189.5282797,122652989.74985243,1.5158847141652616e+96
472,622743829.6784599,122627301.98271002,2.306547694350796e+96
473,621434359.1366392,122601713.37211688,3.509608756259924e+96
474,620132694.0612465,122576222.49735336,5.34016862178226e+96
475,618838751.6401353,122550827.96138848,8.125521358528266e+96
476,617552450.077632,122525528.39047766,1.2363672764674558e+97
477,616273708.5817487,122500322.43376662,1.8812381075279363e+97
478,615002447.3515573,122475208.76290286,2.8624639980177037e+97
479,613738587.5647228,122450186.07165319,4.355482757424321e+97
480,612482051.3651949,122425253.07552813,6.627237954209291e+97
481,611232761.8510549,122400408.51141256,1.0083906962287012e+98
482,609990643.062516,122375651.13720343,1.5343523248546553e+98
483,608755619.9700755,122350979.73145263,2.334647736826154e+98
484,607527618.4628173,122326393.0930168,3.552365364052747e+98
485,606306565.3368607,122301890.04071285,5.4052264419457773e+98
486,605092388.283957,122277469.4129794,8.224512372617538e+98
487,603885015.8802302,122253130.06754433,1.2514296023274274e+99
488,602684377.5750577,122228870.88109745,1.9041567191210415e+99
489,601490403.6800952,122204690.74896942,2.8973366174417374e+99
490,600303025.3584354,122180588.5848159,4.408544417837445e+99
491,599122174.61391,122156563.32030693,6.707975789574105e+99
492,597947784.2805208,122132613.90482219,1.020675645490831e+100
493,596779788.0120081,122108739.3051509,1.5530449214162523e+100
494,595618120.2715504,122084938.50519703,2.363090114467205e+100
495,594462716.3215925,122061210.50569016,3.595642863955465e+100
496,593313512.2138041,122037554.32390018,5.471076843816773e+100
497,592170444.7791653,122013968.99335785,8.324709367275705e+100
498,591033451.6181741,121990453.56357995,1.2666754284018007e+101
499,589902471.0911831,121967007.09979849,1.927354541918326e+101
500,588777442.3088539,121943628.6826955,2.932634080492221e+101
