epoch,cost
1,2759989866.2917166
2,2690547517.219145
3,2685583787.3936744
4,2692499912.873675
5,2698805737.3755417
6,2702872848.622631
7,2705224936.6057115
8,2706523425.115101
9,2707224566.0071974
10,2707598976.5901775
11,2707797772.4639482
12,2707903009.763595
13,2707958632.0081196
14,2707988006.0877542
15,2708003511.5757303
16,2708011694.357825
17,2708016012.1138134
18,2708018290.261788
19,2708019492.210747
20,2708020126.339951
21,2708020460.890093
22,2708020637.387678
23,2708020730.500999
24,2708020779.6235876
25,2708020805.5383754
26,2708020819.2097297
27,2708020826.4220176
28,2708020830.226826
29,2708020832.234026
30,2708020833.292908
31,2708020833.8515086
32,2708020834.146192
33,2708020834.3016496
34,2708020834.3836584
35,2708020834.42692
36,2708020834.4497433
37,2708020834.461783
38,2708020834.4681334
39,2708020834.4714837
40,2708020834.473249
41,2708020834.474183
42,2708020834.474674
43,2708020834.474933
44,2708020834.47507
45,2708020834.4751415
46,2708020834.4751806
47,2708020834.4752
48,2708020834.4752135
49,2708020834.4752197
50,2708020834.4752207
51,2708020834.475223
52,2708020834.4752245
53,2708020834.475225
54,2708020834.4752245
55,2708020834.4752254
56,2708020834.4752254
57,2708020834.4752254
58,2708020834.4752254
59,2708020834.4752245
60,2708020834.475225
61,2708020834.4752254
62,2708020834.475225
63,2708020834.4752254
64,2708020834.475225
65,2708020834.4752254
66,2708020834.475225
67,2708020834.4752254
68,2708020834.475225
69,2708020834.4752254
70,2708020834.475225
71,2708020834.4752254
72,2708020834.475225
73,2708020834.4752254
74,2708020834.475225
75,2708020834.4752254
76,2708020834.475225
77,2708020834.4752254
78,2708020834.475225
79,2708020834.4752254
80,2708020834.475225
81,2708020834.4752254
82,2708020834.475225
83,2708020834.4752254
84,2708020834.475225
85,2708020834.4752254
86,2708020834.475225
87,2708020834.4752254
88,2708020834.475225
89,2708020834.4752254
90,2708020834.475225
91,2708020834.4752254
92,2708020834.475225
93,2708020834.4752254
94,2708020834.475225
95,2708020834.4752254
96,2708020834.475225
97,2708020834.4752254
98,2708020834.475225
99,2708020834.4752254
100,2708020834.475225
101,2708020834.4752254
102,2708020834.475225
103,2708020834.4752254
104,2708020834.475225
105,2708020834.4752254
106,2708020834.475225
107,2708020834.4752254
108,2708020834.475225
109,2708020834.4752254
110,2708020834.475225
111,2708020834.4752254
112,2708020834.475225
113,2708020834.4752254
114,2708020834.475225
115,2708020834.4752254
116,2708020834.475225
117,2708020834.4752254
118,2708020834.475225
119,2708020834.4752254
120,2708020834.475225
121,2708020834.4752254
122,2708020834.475225
123,2708020834.4752254
124,2708020834.475225
125,2708020834.4752254
126,2708020834.475225
127,2708020834.4752254
128,2708020834.475225
129,2708020834.4752254
130,2708020834.475225
131,2708020834.4752254
132,2708020834.475225
133,2708020834.4752254
134,2708020834.475225
135,2708020834.4752254
136,2708020834.475225
137,2708020834.4752254
138,2708020834.475225
139,2708020834.4752254
140,2708020834.475225
141,2708020834.4752254
142,2708020834.475225
143,2708020834.4752254
144,2708020834.475225
145,2708020834.4752254
146,2708020834.475225
147,2708020834.4752254
148,2708020834.475225
149,2708020834.4752254
150,2708020834.475225
151,2708020834.4752254
152,2708020834.475225
153,2708020834.4752254
154,2708020834.475225
155,2708020834.4752254
156,2708020834.475225
157,2708020834.4752254
158,2708020834.475225
159,2708020834.4752254
160,2708020834.475225
161,2708020834.4752254
162,2708020834.475225
163,2708020834.4752254
164,2708020834.475225
165,2708020834.4752254
166,2708020834.475225
167,2708020834.4752254
168,2708020834.475225
169,2708020834.4752254
170,2708020834.475225
171,2708020834.4752254
172,2708020834.475225
173,2708020834.4752254
174,2708020834.475225
175,2708020834.4752254
176,2708020834.475225
177,2708020834.4752254
178,2708020834.475225
179,2708020834.4752254
180,2708020834.475225
181,2708020834.4752254
182,2708020834.475225
183,2708020834.4752254
184,2708020834.475225
185,2708020834.4752254
186,2708020834.475225
187,2708020834.4752254
188,2708020834.475225
189,2708020834.4752254
190,2708020834.475225
191,2708020834.4752254
192,2708020834.475225
193,2708020834.4752254
194,2708020834.475225
195,2708020834.4752254
196,2708020834.475225
197,2708020834.4752254
198,2708020834.475225
199,2708020834.4752254
200,2708020834.475225
201,2708020834.4752254
202,2708020834.475225
203,2708020834.4752254
204,2708020834.475225
205,2708020834.4752254
206,2708020834.475225
207,2708020834.4752254
208,2708020834.475225
209,2708020834.4752254
210,2708020834.475225
211,2708020834.4752254
212,2708020834.475225
213,2708020834.4752254
214,2708020834.475225
215,2708020834.4752254
216,2708020834.475225
217,2708020834.4752254
218,2708020834.475225
219,2708020834.4752254
220,2708020834.475225
221,2708020834.4752254
222,2708020834.475225
223,2708020834.4752254
224,2708020834.475225
225,2708020834.4752254
226,2708020834.475225
227,2708020834.4752254
228,2708020834.475225
229,2708020834.4752254
230,2708020834.475225
231,2708020834.4752254
232,2708020834.475225
233,2708020834.4752254
234,2708020834.475225
235,2708020834.4752254
236,2708020834.475225
237,2708020834.4752254
238,2708020834.475225
239,2708020834.4752254
240,2708020834.475225
241,2708020834.4752254
242,2708020834.475225
243,2708020834.4752254
244,2708020834.475225
245,2708020834.4752254
246,2708020834.475225
247,2708020834.4752254
248,2708020834.475225
249,2708020834.4752254
250,2708020834.475225
251,2708020834.4752254
252,2708020834.475225
253,2708020834.4752254
254,2708020834.475225
255,2708020834.4752254
256,2708020834.475225
257,2708020834.4752254
258,2708020834.475225
259,2708020834.4752254
260,2708020834.475225
261,2708020834.4752254
262,2708020834.475225
263,2708020834.4752254
264,2708020834.475225
265,2708020834.4752254
266,2708020834.475225
267,2708020834.4752254
268,2708020834.475225
269,2708020834.4752254
270,2708020834.475225
271,2708020834.4752254
272,2708020834.475225
273,2708020834.4752254
274,2708020834.475225
275,2708020834.4752254
276,2708020834.475225
277,2708020834.4752254
278,2708020834.475225
279,2708020834.4752254
280,2708020834.475225
281,2708020834.4752254
282,2708020834.475225
283,2708020834.4752254
284,2708020834.475225
285,2708020834.4752254
286,2708020834.475225
287,2708020834.4752254
288,2708020834.475225
289,2708020834.4752254
290,2708020834.475225
291,2708020834.4752254
292,2708020834.475225
293,2708020834.4752254
294,2708020834.475225
295,2708020834.4752254
296,2708020834.475225
297,2708020834.4752254
298,2708020834.475225
299,2708020834.4752254
300,2708020834.475225
301,2708020834.4752254
302,2708020834.475225
303,2708020834.4752254
304,2708020834.475225
305,2708020834.4752254
306,2708020834.475225
307,2708020834.4752254
308,2708020834.475225
309,2708020834.4752254
310,2708020834.475225
311,2708020834.4752254
312,2708020834.475225
313,2708020834.4752254
314,2708020834.475225
315,2708020834.4752254
316,2708020834.475225
317,2708020834.4752254
318,2708020834.475225
319,2708020834.4752254
320,2708020834.475225
321,2708020834.4752254
322,2708020834.475225
323,2708020834.4752254
324,2708020834.475225
325,2708020834.4752254
326,2708020834.475225
327,2708020834.4752254
328,2708020834.475225
329,2708020834.4752254
330,2708020834.475225
331,2708020834.4752254
332,2708020834.475225
333,2708020834.4752254
334,2708020834.475225
335,2708020834.4752254
336,2708020834.475225
337,2708020834.4752254
338,2708020834.475225
339,2708020834.4752254
340,2708020834.475225
341,2708020834.4752254
342,2708020834.475225
343,2708020834.4752254
344,2708020834.475225
345,2708020834.4752254
346,2708020834.475225
347,2708020834.4752254
348,2708020834.475225
349,2708020834.4752254
350,2708020834.475225
351,2708020834.4752254
352,2708020834.475225
353,2708020834.4752254
354,2708020834.475225
355,2708020834.4752254
356,2708020834.475225
357,2708020834.4752254
358,2708020834.475225
359,2708020834.4752254
360,2708020834.475225
361,2708020834.4752254
362,2708020834.475225
363,2708020834.4752254
364,2708020834.475225
365,2708020834.4752254
366,2708020834.475225
367,2708020834.4752254
368,2708020834.475225
369,2708020834.4752254
370,2708020834.475225
371,2708020834.4752254
372,2708020834.475225
373,2708020834.4752254
374,2708020834.475225
375,2708020834.4752254
376,2708020834.475225
377,2708020834.4752254
378,2708020834.475225
379,2708020834.4752254
380,2708020834.475225
381,2708020834.4752254
382,2708020834.475225
383,2708020834.4752254
384,2708020834.475225
385,2708020834.4752254
386,2708020834.475225
387,2708020834.4752254
388,2708020834.475225
389,2708020834.4752254
390,2708020834.475225
391,2708020834.4752254
392,2708020834.475225
393,2708020834.4752254
394,2708020834.475225
395,2708020834.4752254
396,2708020834.475225
397,2708020834.4752254
398,2708020834.475225
399,2708020834.4752254
400,2708020834.475225
401,2708020834.4752254
402,2708020834.475225
403,2708020834.4752254
404,2708020834.475225
405,2708020834.4752254
406,2708020834.475225
407,2708020834.4752254
408,2708020834.475225
409,2708020834.4752254
410,2708020834.475225
411,2708020834.4752254
412,2708020834.475225
413,2708020834.4752254
414,2708020834.475225
415,2708020834.4752254
416,2708020834.475225
417,2708020834.4752254
418,2708020834.475225
419,2708020834.4752254
420,2708020834.475225
421,2708020834.4752254
422,2708020834.475225
423,2708020834.4752254
424,2708020834.475225
425,2708020834.4752254
426,2708020834.475225
427,2708020834.4752254
428,2708020834.475225
429,2708020834.4752254
430,2708020834.475225
431,2708020834.4752254
432,2708020834.475225
433,2708020834.4752254
434,2708020834.475225
435,2708020834.4752254
436,2708020834.475225
437,2708020834.4752254
438,2708020834.475225
439,2708020834.4752254
440,2708020834.475225
441,2708020834.4752254
442,2708020834.475225
443,2708020834.4752254
444,2708020834.475225
445,2708020834.4752254
446,2708020834.475225
447,2708020834.4752254
448,2708020834.475225
449,2708020834.4752254
450,2708020834.475225
451,2708020834.4752254
452,2708020834.475225
453,2708020834.4752254
454,2708020834.475225
455,2708020834.4752254
456,2708020834.475225
457,2708020834.4752254
458,2708020834.475225
459,2708020834.4752254
460,2708020834.475225
461,2708020834.4752254
462,2708020834.475225
463,2708020834.4752254
464,2708020834.475225
465,2708020834.4752254
466,2708020834.475225
467,2708020834.4752254
468,2708020834.475225
469,2708020834.4752254
470,2708020834.475225
471,2708020834.4752254
472,2708020834.475225
473,2708020834.4752254
474,2708020834.475225
475,2708020834.4752254
476,2708020834.475225
477,2708020834.4752254
478,2708020834.475225
479,2708020834.4752254
480,2708020834.475225
481,2708020834.4752254
482,2708020834.475225
483,2708020834.4752254
484,2708020834.475225
485,2708020834.4752254
486,2708020834.475225
487,2708020834.4752254
488,2708020834.475225
489,2708020834.4752254
490,2708020834.475225
491,2708020834.4752254
492,2708020834.475225
493,2708020834.4752254
494,2708020834.475225
495,2708020834.4752254
496,2708020834.475225
497,2708020834.4752254
498,2708020834.475225
499,2708020834.4752254
500,2708020834.475225
501,2708020834.4752254
502,2708020834.475225
503,2708020834.4752254
504,2708020834.475225
505,2708020834.4752254
506,2708020834.475225
507,2708020834.4752254
508,2708020834.475225
509,2708020834.4752254
510,2708020834.475225
511,2708020834.4752254
512,2708020834.475225
513,2708020834.4752254
514,2708020834.475225
515,2708020834.4752254
516,2708020834.475225
517,2708020834.4752254
518,2708020834.475225
519,2708020834.4752254
520,2708020834.475225
521,2708020834.4752254
522,2708020834.475225
523,2708020834.4752254
524,2708020834.475225
525,2708020834.4752254
526,2708020834.475225
527,2708020834.4752254
528,2708020834.475225
529,2708020834.4752254
530,2708020834.475225
531,2708020834.4752254
532,2708020834.475225
533,2708020834.4752254
534,2708020834.475225
535,2708020834.4752254
536,2708020834.475225
537,2708020834.4752254
538,2708020834.475225
539,2708020834.4752254
540,2708020834.475225
541,2708020834.4752254
542,2708020834.475225
543,2708020834.4752254
544,2708020834.475225
545,2708020834.4752254
546,2708020834.475225
547,2708020834.4752254
548,2708020834.475225
549,2708020834.4752254
550,2708020834.475225
551,2708020834.4752254
552,2708020834.475225
553,2708020834.4752254
554,2708020834.475225
555,2708020834.4752254
556,2708020834.475225
557,2708020834.4752254
558,2708020834.475225
559,2708020834.4752254
560,2708020834.475225
561,2708020834.4752254
562,2708020834.475225
563,2708020834.4752254
564,2708020834.475225
565,2708020834.4752254
566,2708020834.475225
567,2708020834.4752254
568,2708020834.475225
569,2708020834.4752254
570,2708020834.475225
571,2708020834.4752254
572,2708020834.475225
573,2708020834.4752254
574,2708020834.475225
575,2708020834.4752254
576,2708020834.475225
577,2708020834.4752254
578,2708020834.475225
579,2708020834.4752254
580,2708020834.475225
581,2708020834.4752254
582,2708020834.475225
583,2708020834.4752254
584,2708020834.475225
585,2708020834.4752254
586,2708020834.475225
587,2708020834.4752254
588,2708020834.475225
589,2708020834.4752254
590,2708020834.475225
591,2708020834.4752254
592,2708020834.475225
593,2708020834.4752254
594,2708020834.475225
595,2708020834.4752254
596,2708020834.475225
597,2708020834.4752254
598,2708020834.475225
599,2708020834.4752254
600,2708020834.475225
601,2708020834.4752254
602,2708020834.475225
603,2708020834.4752254
604,2708020834.475225
605,2708020834.4752254
606,2708020834.475225
607,2708020834.4752254
608,2708020834.475225
609,2708020834.4752254
610,2708020834.475225
611,2708020834.4752254
612,2708020834.475225
613,2708020834.4752254
614,2708020834.475225
615,2708020834.4752254
616,2708020834.475225
617,2708020834.4752254
618,2708020834.475225
619,2708020834.4752254
620,2708020834.475225
621,2708020834.4752254
622,2708020834.475225
623,2708020834.4752254
624,2708020834.475225
625,2708020834.4752254
626,2708020834.475225
627,2708020834.4752254
628,2708020834.475225
629,2708020834.4752254
630,2708020834.475225
631,2708020834.4752254
632,2708020834.475225
633,2708020834.4752254
634,2708020834.475225
635,2708020834.4752254
636,2708020834.475225
637,2708020834.4752254
638,2708020834.475225
639,2708020834.4752254
640,2708020834.475225
641,2708020834.4752254
642,2708020834.475225
643,2708020834.4752254
644,2708020834.475225
645,2708020834.4752254
646,2708020834.475225
647,2708020834.4752254
648,2708020834.475225
649,2708020834.4752254
650,2708020834.475225
651,2708020834.4752254
652,2708020834.475225
653,2708020834.4752254
654,2708020834.475225
655,2708020834.4752254
656,2708020834.475225
657,2708020834.4752254
658,2708020834.475225
659,2708020834.4752254
660,2708020834.475225
661,2708020834.4752254
662,2708020834.475225
663,2708020834.4752254
664,2708020834.475225
665,2708020834.4752254
666,2708020834.475225
667,2708020834.4752254
668,2708020834.475225
669,2708020834.4752254
670,2708020834.475225
671,2708020834.4752254
672,2708020834.475225
673,2708020834.4752254
674,2708020834.475225
675,2708020834.4752254
676,2708020834.475225
677,2708020834.4752254
678,2708020834.475225
679,2708020834.4752254
680,2708020834.475225
681,2708020834.4752254
682,2708020834.475225
683,2708020834.4752254
684,2708020834.475225
685,2708020834.4752254
686,2708020834.475225
687,2708020834.4752254
688,2708020834.475225
689,2708020834.4752254
690,2708020834.475225
691,2708020834.4752254
692,2708020834.475225
693,2708020834.4752254
694,2708020834.475225
695,2708020834.4752254
696,2708020834.475225
697,2708020834.4752254
698,2708020834.475225
699,2708020834.4752254
700,2708020834.475225
701,2708020834.4752254
702,2708020834.475225
703,2708020834.4752254
704,2708020834.475225
705,2708020834.4752254
706,2708020834.475225
707,2708020834.4752254
708,2708020834.475225
709,2708020834.4752254
710,2708020834.475225
711,2708020834.4752254
712,2708020834.475225
713,2708020834.4752254
714,2708020834.475225
715,2708020834.4752254
716,2708020834.475225
717,2708020834.4752254
718,2708020834.475225
719,2708020834.4752254
720,2708020834.475225
721,2708020834.4752254
722,2708020834.475225
723,2708020834.4752254
724,2708020834.475225
725,2708020834.4752254
726,2708020834.475225
727,2708020834.4752254
728,2708020834.475225
729,2708020834.4752254
730,2708020834.475225
731,2708020834.4752254
732,2708020834.475225
733,2708020834.4752254
734,2708020834.475225
735,2708020834.4752254
736,2708020834.475225
737,2708020834.4752254
738,2708020834.475225
739,2708020834.4752254
740,2708020834.475225
741,2708020834.4752254
742,2708020834.475225
743,2708020834.4752254
744,2708020834.475225
745,2708020834.4752254
746,2708020834.475225
747,2708020834.4752254
748,2708020834.475225
749,2708020834.4752254
750,2708020834.475225
751,2708020834.4752254
752,2708020834.475225
753,2708020834.4752254
754,2708020834.475225
755,2708020834.4752254
756,2708020834.475225
757,2708020834.4752254
758,2708020834.475225
759,2708020834.4752254
760,2708020834.475225
761,2708020834.4752254
762,2708020834.475225
763,2708020834.4752254
764,2708020834.475225
765,2708020834.4752254
766,2708020834.475225
767,2708020834.4752254
768,2708020834.475225
769,2708020834.4752254
770,2708020834.475225
771,2708020834.4752254
772,2708020834.475225
773,2708020834.4752254
774,2708020834.475225
775,2708020834.4752254
776,2708020834.475225
777,2708020834.4752254
778,2708020834.475225
779,2708020834.4752254
780,2708020834.475225
781,2708020834.4752254
782,2708020834.475225
783,2708020834.4752254
784,2708020834.475225
785,2708020834.4752254
786,2708020834.475225
787,2708020834.4752254
788,2708020834.475225
789,2708020834.4752254
790,2708020834.475225
791,2708020834.4752254
792,2708020834.475225
793,2708020834.4752254
794,2708020834.475225
795,2708020834.4752254
796,2708020834.475225
797,2708020834.4752254
798,2708020834.475225
799,2708020834.4752254
800,2708020834.475225
801,2708020834.4752254
802,2708020834.475225
803,2708020834.4752254
804,2708020834.475225
805,2708020834.4752254
806,2708020834.475225
807,2708020834.4752254
808,2708020834.475225
809,2708020834.4752254
810,2708020834.475225
811,2708020834.4752254
812,2708020834.475225
813,2708020834.4752254
814,2708020834.475225
815,2708020834.4752254
816,2708020834.475225
817,2708020834.4752254
818,2708020834.475225
819,2708020834.4752254
820,2708020834.475225
821,2708020834.4752254
822,2708020834.475225
823,2708020834.4752254
824,2708020834.475225
825,2708020834.4752254
826,2708020834.475225
827,2708020834.4752254
828,2708020834.475225
829,2708020834.4752254
830,2708020834.475225
831,2708020834.4752254
832,2708020834.475225
833,2708020834.4752254
834,2708020834.475225
835,2708020834.4752254
836,2708020834.475225
837,2708020834.4752254
838,2708020834.475225
839,2708020834.4752254
840,2708020834.475225
841,2708020834.4752254
842,2708020834.475225
843,2708020834.4752254
844,2708020834.475225
845,2708020834.4752254
846,2708020834.475225
847,2708020834.4752254
848,2708020834.475225
849,2708020834.4752254
850,2708020834.475225
851,2708020834.4752254
852,2708020834.475225
853,2708020834.4752254
854,2708020834.475225
855,2708020834.4752254
856,2708020834.475225
857,2708020834.4752254
858,2708020834.475225
859,2708020834.4752254
860,2708020834.475225
861,2708020834.4752254
862,2708020834.475225
863,2708020834.4752254
864,2708020834.475225
865,2708020834.4752254
866,2708020834.475225
867,2708020834.4752254
868,2708020834.475225
869,2708020834.4752254
870,2708020834.475225
871,2708020834.4752254
872,2708020834.475225
873,2708020834.4752254
874,2708020834.475225
875,2708020834.4752254
876,2708020834.475225
877,2708020834.4752254
878,2708020834.475225
879,2708020834.4752254
880,2708020834.475225
881,2708020834.4752254
882,2708020834.475225
883,2708020834.4752254
884,2708020834.475225
885,2708020834.4752254
886,2708020834.475225
887,2708020834.4752254
888,2708020834.475225
889,2708020834.4752254
890,2708020834.475225
891,2708020834.4752254
892,2708020834.475225
893,2708020834.4752254
894,2708020834.475225
895,2708020834.4752254
896,2708020834.475225
897,2708020834.4752254
898,2708020834.475225
899,2708020834.4752254
900,2708020834.475225
901,2708020834.4752254
902,2708020834.475225
903,2708020834.4752254
904,2708020834.475225
905,2708020834.4752254
906,2708020834.475225
907,2708020834.4752254
908,2708020834.475225
909,2708020834.4752254
910,2708020834.475225
911,2708020834.4752254
912,2708020834.475225
913,2708020834.4752254
914,2708020834.475225
915,2708020834.4752254
916,2708020834.475225
917,2708020834.4752254
918,2708020834.475225
919,2708020834.4752254
920,2708020834.475225
921,2708020834.4752254
922,2708020834.475225
923,2708020834.4752254
924,2708020834.475225
925,2708020834.4752254
926,2708020834.475225
927,2708020834.4752254
928,2708020834.475225
929,2708020834.4752254
930,2708020834.475225
931,2708020834.4752254
932,2708020834.475225
933,2708020834.4752254
934,2708020834.475225
935,2708020834.4752254
936,2708020834.475225
937,2708020834.4752254
938,2708020834.475225
939,2708020834.4752254
940,2708020834.475225
941,2708020834.4752254
942,2708020834.475225
943,2708020834.4752254
944,2708020834.475225
945,2708020834.4752254
946,2708020834.475225
947,2708020834.4752254
948,2708020834.475225
949,2708020834.4752254
950,2708020834.475225
951,2708020834.4752254
952,2708020834.475225
953,2708020834.4752254
954,2708020834.475225
955,2708020834.4752254
956,2708020834.475225
957,2708020834.4752254
958,2708020834.475225
959,2708020834.4752254
960,2708020834.475225
961,2708020834.4752254
962,2708020834.475225
963,2708020834.4752254
964,2708020834.475225
965,2708020834.4752254
966,2708020834.475225
967,2708020834.4752254
968,2708020834.475225
969,2708020834.4752254
970,2708020834.475225
971,2708020834.4752254
972,2708020834.475225
973,2708020834.4752254
974,2708020834.475225
975,2708020834.4752254
976,2708020834.475225
977,2708020834.4752254
978,2708020834.475225
979,2708020834.4752254
980,2708020834.475225
981,2708020834.4752254
982,2708020834.475225
983,2708020834.4752254
984,2708020834.475225
985,2708020834.4752254
986,2708020834.475225
987,2708020834.4752254
988,2708020834.475225
989,2708020834.4752254
990,2708020834.475225
991,2708020834.4752254
992,2708020834.475225
993,2708020834.4752254
994,2708020834.475225
995,2708020834.4752254
996,2708020834.475225
997,2708020834.4752254
998,2708020834.475225
999,2708020834.4752254
1000,2708020834.475225
