iteration,cost
1,31188912329.724796
2,25797691970.52906
3,21592831094.93453
4,18282385263.57633
5,15651257723.736498
6,13540229633.051254
7,11830816609.55342
8,10434318452.896475
9,9283888636.03078
10,8328780221.196185
11,7530161836.351171
12,6858067536.4404125
13,6289166622.387713
14,5805127327.541296
15,5391411413.715316
16,5036382112.942862
17,4730640505.838798
18,4466528931.229073
19,4237756950.1081944
20,4039117589.180245
21,3866270392.991172
22,3715574172.5642576
23,3583956937.531662
24,3468813830.2497573
25,3367926298.119717
26,3279397498.7435846
27,3201600214.6832385
28,3133134492.22775
29,3072792906.6357574
30,3019531863.2359266
31,2972447718.922499
32,2930756787.6501765
33,2893778502.321377
34,2860921162.668925
35,2831669817.942739
36,2805575924.2853794
37,2782248486.831097
38,2761346451.0551944
39,2742572150.60285
40,2725665652.5892215
41,2710399868.295851
42,2696576318.861864
43,2684021463.15729
44,2672583509.4144835
45,2662129644.053217
46,2652543620.9778137
47,2643723662.8456464
48,2635580632.711683
49,2628036440.2837176
50,2621022651.9671288
51,2614479278.087579
52,2608353714.2766256
53,2602599817.08721
54,2597177096.553946
55,2592050010.6932964
56,2587187348.9060335
57,2582561692.9445047
58,2578148945.578744
59,2573927918.3706064
60,2569879971.071282
61,2565988696.118122
62,2562239642.541513
63,2558620074.318499
64,2555118758.841739
65,2551725781.722451
66,2548432384.625359
67,2545230823.251356
68,2542114242.9478803
69,2539076569.7447042
70,2536112414.8901076
71,2533216991.204368
72,2530386039.778819
73,2527615765.733233
74,2524902781.9054537
75,2522244059.4881105
76,2519636884.7502656
77,2517078821.0894837
78,2514567675.7538953
79,2512101470.6560574
80,2509678416.7723927
81,2507296891.684933
82,2504955419.877134
83,2502652655.443749
84,2500387366.9169087
85,2498158423.947461
86,2495964785.612957
87,2493805490.151953
88,2491679645.9490747
89,2489586423.616997
90,2487525049.0404787
91,2485494797.264253
92,2483494987.1211524
93,2481524976.5096207
94,2479584158.240971
95,2477671956.38653
96,2475787823.063451
97,2473931235.605472
98,2472101694.071524
99,2470298719.050881
100,2468521849.728598
101,2466770642.1794953
102,2465044667.8627334
103,2463343512.292605
104,2461666773.8640056
105,2460014062.8137975
106,2458385000.301536
107,2456779217.595049
108,2455196355.3481584
109,2453636062.9593744
110,2452097998.0017676
111,2450581825.7154074
112,2449087218.5548344
113,2447613855.7849264
114,2446161423.119344
115,2444729612.396463
116,2443318121.2882814
117,2441926653.0384007
118,2440554916.225592
119,2439202624.5499363
120,2437869496.638855
121,2436555255.8707056
122,2435259630.2138743
123,2433982352.079564
124,2432723158.186689
125,2431481789.43749
126,2430257990.802626
127,2429051511.214691
128,2427862103.469182
129,2426689524.132111
130,2425533533.453516
131,2424393895.2862186
132,2423270377.0092907
133,2422162749.4557033
134,2421070786.843729
135,2419994266.711723
136,2418932969.855924
137,2417886680.27099
138,2416855185.092997
139,2415838274.5446734
140,2414835741.882662
141,2413847383.346625
142,2412872998.110038
143,2411912388.2325315
144,2410965358.613648
145,2410031716.9479074
146,2409111273.6810884
147,2408203841.967629
148,2407309237.629078
149,2406427279.113515
150,2405557787.4559016
151,2404700586.2392774
152,2403855501.5567837
153,2403022361.9744487
154,2402200998.494704
155,2401391244.5205984
156,2400592935.8206763
157,2399805910.4944906
158,2399030008.938718
159,2398265073.8138742
160,2397510950.011584
161,2396767484.6224008
162,2396034526.904149
163,2395311928.250789
164,2394599542.161767
165,2393897224.211852
166,2393204832.0214496
167,2392522225.2273626
168,2391849265.4540057
169,2391185816.285058
170,2390531743.2355366
171,2389886913.724297
172,2389251197.046935
173,2388624464.3490915
174,2388006588.600154
175,2387397444.5673404
176,2386796908.7901654
177,2386204859.555272
178,2385621176.8716373
179,2385045742.4461355
180,2384478439.659442
181,2383919153.542306
182,2383367770.7521467
183,2382824179.5499964
184,2382288269.77777
185,2381759932.8358545
186,2381239061.661035
187,2380725550.704721
188,2380219295.9114914
189,2379720194.6979365
190,2379228145.931824
191,2378743049.911526
192,2378264808.3457775
193,2377793324.333691
194,2377328502.3450775
195,2376870248.201036
196,2376418469.0548177
197,2375973073.372974
198,2375533970.916754
199,2375101072.7237835
200,2374674291.089995
201,2374253539.5518117
202,2373838732.8685946
203,2373429787.005327
204,2373026619.115548
205,2372629147.5245414
206,2372237291.712733
207,2371850972.299357
208,2371470111.026331
209,2371094630.742368
210,2370724455.3873143
211,2370359509.976705
212,2369999720.58654
213,2369645014.3382816
214,2369295319.3840523
215,2368950564.892055
216,2368610681.032194
217,2368275598.961896
218,2367945250.8121376
219,2367619569.6736736
220,2367298489.5834484
221,2366981945.5112095
222,2366669873.3463116
223,2366362209.884701
224,2366058892.816087
225,2365759860.7112985
226,2365465053.0098143
227,2365174410.0074725
228,2364887872.8443527
229,2364605383.492836
230,2364326884.7458224
231,2364052320.2051244
232,2363781634.2700224
233,2363514772.125982
234,2363251679.733529
235,2362992303.817287
236,2362736591.8551617
237,2362484492.0676894
238,2362235953.407529
239,2361990925.5491004
240,2361749358.8783774
241,2361511204.4828234
242,2361276414.1414566
243,2361044940.315083
244,2360816736.1366353
245,2360591755.401675
246,2360369952.5590158
247,2360151282.701479
248,2359935701.5567875
249,2359723165.4785833
250,2359513631.4375715
251,2359307057.0127935
252,2359103400.3830204
253,2358902620.3182716
254,2358704676.1714463
255,2358509527.8700843
256,2358317135.9082346
257,2358127461.338442
258,2357940465.763848
259,2357756111.3304033
260,2357574360.719188
261,2357395177.1388454
262,2357218524.3181148
263,2357044366.498482
264,2356872668.4269223
265,2356703395.3487506
266,2356536513.000576
267,2356371987.60335
268,2356209785.8555193
269,2356049874.9262695
270,2355892222.448868
271,2355736796.5141006
272,2355583565.6638017
273,2355432498.8844743
274,2355283565.6010013
275,2355136735.670444
276,2354991979.375934
277,2354849267.4206414
278,2354708570.9218416
279,2354569861.4050527
280,2354433110.7982674
281,2354298291.426255
282,2354165376.004958
283,2354034337.6359525
284,2353905149.801
285,2353777786.35667
286,2353652221.529035
287,2353528429.9084554
288,2353406386.4444184
289,2353286066.4404626
290,2353167445.5491734
291,2353050499.7672462
292,2352935205.4306183
293,2352821539.2096753
294,2352709478.1045194
295,2352598999.44031
296,2352490080.8626595
297,2352382700.3331146
298,2352276836.124679
299,2352172466.817413
300,2352069571.294091
301,2351968128.7359257
302,2351868118.6183395
303,2351769520.7068114
304,2351672315.052777
305,2351576481.989576
306,2351482002.128481
307,2351388856.3547525
308,2351297025.8237762
309,2351206491.957239
310,2351117236.439364
311,2351029241.2132
312,2350942488.4769616
313,2350856960.6804237
314,2350772640.5213575
315,2350689510.942035
316,2350607555.125765
317,2350526756.493488
318,2350447098.7004137
319,2350368565.6327147
320,2350291141.4042583
321,2350214810.353384
322,2350139557.0397363
323,2350065366.241132
324,2349992222.950477
325,2349920112.3727274
326,2349849019.9218884
327,2349778931.218062
328,2349709832.0845304
329,2349641708.544892
330,2349574546.8202147
331,2349508333.32626
332,2349443054.6707215
333,2349378697.6505156
334,2349315249.2491026
335,2349252696.633857
336,2349191027.1534605
337,2349130228.3353424
338,2349070287.883156
339,2349011193.6742764
340,2348952933.757363
341,2348895496.3499193
342,2348838869.8359227
343,2348783042.7634583
344,2348728003.842407
345,2348673741.942159
346,2348620246.0893517
347,2348567505.4656568
348,2348515509.4055834
349,2348464247.3943167
350,2348413709.0655923
351,2348363884.199594
352,2348314762.720887
353,2348266334.6963716
354,2348218590.3332767
355,2348171519.9771743
356,2348125114.110025
357,2348079363.3482475
358,2348034258.440826
359,2347989790.2674265
360,2347945949.8365574
361,2347902728.2837434
362,2347860116.8697367
363,2347818106.9787393
364,2347776690.1166663
365,2347735857.9094195
366,2347695602.1011953
367,2347655914.5528126
368,2347616787.2400613
369,2347578212.2520833
370,2347540181.7897663
371,2347502688.1641636
372,2347465723.7949433
373,2347429281.2088485
374,2347393353.0381823
375,2347357932.0193224
376,2347323010.9912457
377,2347288582.8940816
378,2347254640.7676764
379,2347221177.750194
380,2347188187.076716
381,2347155662.077882
382,2347123596.178532
383,2347091982.896378
384,2347060815.8406916
385,2347030088.7110124
386,2346999795.2958665
387,2346969929.471517
388,2346940485.200716
389,2346911456.53149
390,2346882837.5959306
391,2346854622.609007
392,2346826805.867397
393,2346799381.7483287
394,2346772344.7084494
395,2346745689.2826934
396,2346719410.083185
397,2346693501.798144
398,2346667959.1908097
399,2346642777.09838
400,2346617950.430974
401,2346593474.1705904
402,2346569343.3701
403,2346545553.152243
404,2346522098.70864
405,2346498975.298818
406,2346476178.2492557
407,2346453702.9524326
408,2346431544.8658996
409,2346409699.5113564
410,2346388162.47375
411,2346366929.4003763
412,2346345996.0000043
413,2346325358.0420003
414,2346305011.355482
415,2346284951.8284636
416,2346265175.4070296
417,2346245678.0945168
418,2346226455.9506993
419,2346207505.0909934
420,2346188821.685676
421,2346170401.959103
422,2346152242.1889467
423,2346134338.7054505
424,2346116687.8906713
425,2346099286.1777625
426,2346082130.0502443
427,2346065216.0412908
428,2346048540.733034
429,2346032100.755871
430,2346015892.787777
431,2345999913.55364
432,2345984159.824594
433,2345968628.417367
434,2345953316.193637
435,2345938220.0593953
436,2345923336.9643254
437,2345908663.9011803
438,2345894197.905176
439,2345879936.053393
440,2345865875.464182
441,2345852013.296586
442,2345838346.749761
443,2345824873.062411
444,2345811589.512228
445,2345798493.415344
446,2345785582.1257854
447,2345772853.034941
448,2345760303.5710287
449,2345747931.1985817
450,2345735733.417931
451,2345723707.7647038
452,2345711851.809319
453,2345700163.1565013
454,2345688639.4447956
455,2345677278.3460865
456,2345666077.5651307
457,2345655034.8390913
458,2345644147.9370794
459,2345633414.659703
460,2345622832.8386254
461,2345612400.336121
462,2345602115.044648
463,2345591974.88642
464,2345581977.812983
465,2345572121.804808
466,2345562404.8708754
467,2345552825.048277
468,2345543380.4018154
469,2345534069.0236163
470,2345524889.032741
471,2345515838.5748057
472,2345506915.8216057
473,2345498118.9707465
474,2345489446.2452793
475,2345480895.893346
476,2345472466.1878147
477,2345464155.425939
478,2345455961.9290123
479,2345447884.042025
480,2345439920.1333323
481,2345432068.594324
482,2345424327.8391013
483,2345416696.304151
484,2345409172.4480314
485,2345401754.7510657
486,2345394441.7150264
487,2345387231.862838
488,2345380123.7382755
489,2345373115.9056735
490,2345366206.9496317
491,2345359395.474731
492,2345352680.1052494
493,2345346059.48489
494,2345339532.276494
495,2345333097.161787
496,2345326752.841099
497,2345320498.0331063
498,2345314331.4745755
499,2345308251.9201035
500,2345302258.141866
501,2345296348.9293747
502,2345290523.0892234
503,2345284779.4448566
504,2345279116.8363233
505,2345273534.120048
506,2345268030.1685977
507,2345262603.8704524
508,2345257254.129784
509,2345251979.8662314
510,2345246780.0146813
511,2345241653.5250583
512,2345236599.362108
513,2345231616.5051885
514,2345226703.948064
515,2345221860.6987023
516,2345217085.779076
517,2345212378.224958
518,2345207737.0857363
519,2345203161.424212
520,2345198650.3164186
521,2345194202.851429
522,2345189818.1311727
523,2345185495.2702594
524,2345181233.39579
525,2345177031.6471906
526,2345172889.176031
527,2345168805.1458597
528,2345164778.732025
529,2345160809.1215205
530,2345156895.5128136
531,2345153037.115681
532,2345149233.151057
533,2345145482.8508706
534,2345141785.4578896
535,2345138140.225571
536,2345134546.4179077
537,2345131003.309282
538,2345127510.1843157
539,2345124066.337727
540,2345120671.0741906
541,2345117323.708191
542,2345114023.563893
543,2345110769.9749923
544,2345107562.2845964
545,2345104399.84508
546,2345101282.017957
547,2345098208.1737547
548,2345095177.691882
549,2345092189.9605083
550,2345089244.3764367
551,2345086340.344984
552,2345083477.279859
553,2345080654.6030455
554,2345077871.7446837
555,2345075128.1429577
556,2345072423.2439785
557,2345069756.501675
558,2345067127.377685
559,2345064535.341238
560,2345061979.8690605
561,2345059460.4452596
562,2345056976.561222
563,2345054527.7155194
564,2345052113.4137897
565,2345049733.1686544
566,2345047386.499613
567,2345045072.932939
568,2345042792.0016
569,2345040543.2451487
570,2345038326.2096376
571,2345036140.4475265
572,2345033985.5175867
573,2345031860.9848204
574,2345029766.420367
575,2345027701.4014163
576,2345025665.5111265
577,2345023658.3385386
578,2345021679.4784904
579,2345019728.531539
580,2345017805.1038785
581,2345015908.8072586
582,2345014039.2589087
583,2345012196.081461
584,2345010378.90287
585,2345008587.3563414
586,2345006821.0802574
587,2345005079.7181034
588,2345003362.918393
589,2345001670.334603
590,2345000001.6250978
591,2344998356.453063
592,2344996734.4864383
593,2344995135.3978457
594,2344993558.8645315
595,2344992004.568292
596,2344990472.195416
597,2344988961.4366183
598,2344987471.9869766
599,2344986003.545874
600,2344984555.8169327
601,2344983128.5079584
602,2344981721.33088
603,2344980334.00169
604,2344978966.240389
605,2344977617.770929
606,2344976288.321155
607,2344974977.6227555
608,2344973685.411202
609,2344972411.4256983
610,2344971155.409133
611,2344969917.1080136
612,2344968696.2724323
613,2344967492.656006
614,2344966306.015823
615,2344965136.1124053
616,2344963982.7096515
617,2344962845.574789
618,2344961724.478333
619,2344960619.1940365
620,2344959529.4988413
621,2344958455.17284
622,2344957395.9992266
623,2344956351.764254
624,2344955322.25719
625,2344954307.2702794
626,2344953306.5986943
627,2344952320.0404954
628,2344951347.3965993
629,2344950388.4707255
630,2344949443.0693655
631,2344948511.0017385
632,2344947592.079759
633,2344946686.1179934
634,2344945792.933622
635,2344944912.3464103
636,2344944044.1786594
637,2344943188.255183
638,2344942344.4032655
639,2344941512.452626
640,2344940692.2353873
641,2344939883.5860415
642,2344939086.341414
643,2344938300.3406334
644,2344937525.4250984
645,2344936761.4384446
646,2344936008.2265124
647,2344935265.63732
648,2344934533.521028
649,2344933811.7299104
650,2344933100.1183257
651,2344932398.54269
652,2344931706.86144
653,2344931024.935013
654,2344930352.625816
655,2344929689.798193
656,2344929036.3184056
657,2344928392.054601
658,2344927756.8767877
659,2344927130.656804
660,2344926513.2683015
661,2344925904.5867105
662,2344925304.489222
663,2344924712.8547554
664,2344924129.5639424
665,2344923554.4990954
666,2344922987.5441885
667,2344922428.584834
668,2344921877.5082536
669,2344921334.203266
670,2344920798.560253
671,2344920270.471147
672,2344919749.829401
673,2344919236.529974
674,2344918730.4693055
675,2344918231.5452967
676,2344917739.6572876
677,2344917254.7060413
678,2344916776.593716
679,2344916305.2238555
680,2344915840.5013604
681,2344915382.3324747
682,2344914930.624764
683,2344914485.287099
684,2344914046.229635
685,2344913613.3637943
686,2344913186.6022506
687,2344912765.858907
688,2344912351.048883
689,2344911942.088495
690,2344911538.89524
691,2344911141.3877773
692,2344910749.485916
693,2344910363.1105947
694,2344909982.183869
695,2344909606.6288905
696,2344909236.3698997
697,2344908871.3322015
698,2344908511.4421573
699,2344908156.627165
700,2344907806.8156486
701,2344907461.9370413
702,2344907121.92177
703,2344906786.701245
704,2344906456.2078443
705,2344906130.3748975
706,2344905809.136677
707,2344905492.428381
708,2344905180.186123
709,2344904872.346915
710,2344904568.8486614
711,2344904269.630138
712,2344903974.6309896
713,2344903683.7917066
714,2344903397.053624
715,2344903114.3589
716,2344902835.650511
717,2344902560.8722363
718,2344902289.968652
719,2344902022.8851104
720,2344901759.5677395
721,2344901499.9634237
722,2344901244.019798
723,2344900991.6852365
724,2344900742.9088407
725,2344900497.64043
726,2344900255.8305335
727,2344900017.430374
728,2344899782.3918667
729,2344899550.667602
730,2344899322.2108417
731,2344899096.9755034
732,2344898874.9161577
733,2344898655.9880137
734,2344898440.1469145
735,2344898227.3493247
736,2344898017.552324
737,2344897810.7135935
738,2344897606.7914186
739,2344897405.7446656
740,2344897207.532785
741,2344897012.1158
742,2344896819.4542937
743,2344896629.5094094
744,2344896442.242834
745,2344896257.6168003
746,2344896075.5940685
747,2344895896.137928
748,2344895719.2121844
749,2344895544.7811527
750,2344895372.8096523
751,2344895203.2629986
752,2344895036.1069975
753,2344894871.307935
754,2344894708.832574
755,2344894548.648145
756,2344894390.722343
757,2344894235.0233154
758,2344894081.5196624
759,2344893930.180423
760,2344893780.9750757
761,2344893633.873531
762,2344893488.8461185
763,2344893345.863591
764,2344893204.8971124
765,2344893065.918252
766,2344892928.8989825
767,2344892793.8116693
768,2344892660.62907
769,2344892529.324323
770,2344892399.8709507
771,2344892272.242844
772,2344892146.414264
773,2344892022.359835
774,2344891900.0545397
775,2344891779.4737124
776,2344891660.5930357
777,2344891543.3885345
778,2344891427.836575
779,2344891313.913851
780,2344891201.597391
781,2344891090.8645425
782,2344890981.6929765
783,2344890874.0606756
784,2344890767.9459357
785,2344890663.327358
786,2344890560.1838427
787,2344890458.494592
788,2344890358.2390976
789,2344890259.3971443
790,2344890161.9487967
791,2344890065.874407
792,2344889971.1545987
793,2344889877.770272
794,2344889785.7025948
795,2344889694.933003
796,2344889605.4431896
797,2344889517.2151117
798,2344889430.2309766
799,2344889344.473243
800,2344889259.924619
801,2344889176.568054
802,2344889094.386741
803,2344889013.3641076
804,2344888933.4838147
805,2344888854.729755
806,2344888777.086049
807,2344888700.5370393
808,2344888625.06729
809,2344888550.6615834
810,2344888477.3049164
811,2344888404.982496
812,2344888333.6797404
813,2344888263.38227
814,2344888194.075911
815,2344888125.74669
816,2344888058.380826
817,2344887991.9647365
818,2344887926.4850307
819,2344887861.928504
820,2344887798.2821403
821,2344887735.5331054
822,2344887673.6687484
823,2344887612.676593
824,2344887552.544342
825,2344887493.2598705
826,2344887434.8112254
827,2344887377.1866217
828,2344887320.3744392
829,2344887264.3632245
830,2344887209.141681
831,2344887154.6986785
832,2344887101.023236
833,2344887048.1045327
834,2344886995.9318986
835,2344886944.494815
836,2344886893.782909
837,2344886843.785957
838,2344886794.493877
839,2344886745.8967333
840,2344886697.984725
841,2344886650.748192
842,2344886604.1776104
843,2344886558.2635922
844,2344886512.996879
845,2344886468.3683434
846,2344886424.3689876
847,2344886380.989942
848,2344886338.222459
849,2344886296.057916
850,2344886254.4878116
851,2344886213.5037656
852,2344886173.0975137
853,2344886133.2609105
854,2344886093.9859242
855,2344886055.2646346
856,2344886017.089237
857,2344885979.4520345
858,2344885942.345438
859,2344885905.761967
860,2344885869.694245
861,2344885834.1350017
862,2344885799.0770664
863,2344885764.513373
864,2344885730.4369507
865,2344885696.8409305
866,2344885663.71854
867,2344885631.063101
868,2344885598.868028
869,2344885567.126834
870,2344885535.8331165
871,2344885504.980568
872,2344885474.5629683
873,2344885444.5741844
874,2344885415.008171
875,2344885385.8589683
876,2344885357.120698
877,2344885328.7875676
878,2344885300.8538656
879,2344885273.313959
880,2344885246.1622972
881,2344885219.3934045
882,2344885193.0018864
883,2344885166.982422
884,2344885141.329765
885,2344885116.038744
886,2344885091.104261
887,2344885066.521288
888,2344885042.284871
889,2344885018.390122
890,2344884994.832227
891,2344884971.6064343
892,2344884948.708063
893,2344884926.1324954
894,2344884903.8751807
895,2344884881.9316344
896,2344884860.2974305
897,2344884838.9682074
898,2344884817.9396677
899,2344884797.2075706
900,2344884776.7677374
901,2344884756.6160464
902,2344884736.7484365
903,2344884717.160903
904,2344884697.8494954
905,2344884678.8103228
906,2344884660.039547
907,2344884641.533382
908,2344884623.2881
909,2344884605.30002
910,2344884587.565519
911,2344884570.08102
912,2344884552.8429985
913,2344884535.8479824
914,2344884519.0925417
915,2344884502.5733013
916,2344884486.2869306
917,2344884470.230147
918,2344884454.3997126
919,2344884438.792438
920,2344884423.405175
921,2344884408.234824
922,2344884393.278326
923,2344884378.532666
924,2344884363.994872
925,2344884349.662014
926,2344884335.531201
927,2344884321.599587
928,2344884307.8643613
929,2344884294.322757
930,2344884280.972044
931,2344884267.8095317
932,2344884254.8325653
933,2344884242.038531
934,2344884229.4248476
935,2344884216.9889746
936,2344884204.7284055
937,2344884192.6406665
938,2344884180.723323
939,2344884168.9739723
940,2344884157.3902464
941,2344884145.9698105
942,2344884134.710362
943,2344884123.609631
944,2344884112.6653814
945,2344884101.8754067
946,2344884091.2375307
947,2344884080.7496114
948,2344884070.409533
949,2344884060.2152123
950,2344884050.1645937
951,2344884040.2556515
952,2344884030.4863896
953,2344884020.854838
954,2344884011.359055
955,2344884001.997127
956,2344883992.7671676
957,2344883983.667315
958,2344883974.695736
959,2344883965.8506217
960,2344883957.1301904
961,2344883948.5326834
962,2344883940.0563684
963,2344883931.699537
964,2344883923.460504
965,2344883915.33761
966,2344883907.329216
967,2344883899.4337096
968,2344883891.6494985
969,2344883883.9750147
970,2344883876.40871
971,2344883868.94906
972,2344883861.5945616
973,2344883854.3437324
974,2344883847.1951094
975,2344883840.147254
976,2344883833.1987443
977,2344883826.348181
978,2344883819.5941834
979,2344883812.935388
980,2344883806.3704543
981,2344883799.8980603
982,2344883793.5168986
983,2344883787.225686
984,2344883781.0231524
985,2344883774.908049
986,2344883768.879143
987,2344883762.935219
988,2344883757.0750794
989,2344883751.297544
990,2344883745.6014457
991,2344883739.9856386
992,2344883734.44899
993,2344883728.9903855
994,2344883723.6087217
995,2344883718.3029175
996,2344883713.0719023
997,2344883707.9146214
998,2344883702.8300357
999,2344883697.81712
1000,2344883692.874865
1001,2344883688.002273
1002,2344883683.198364
1003,2344883678.462169
1004,2344883673.7927322
1005,2344883669.1891146
1006,2344883664.6503863
1007,2344883660.1756353
1008,2344883655.7639565
1009,2344883651.414464
1010,2344883647.126279
1011,2344883642.8985376
1012,2344883638.730388
1013,2344883634.6209917
1014,2344883630.5695176
1015,2344883626.5751514
1016,2344883622.637087
1017,2344883618.754531
1018,2344883614.926701
1019,2344883611.152827
1020,2344883607.4321446
1021,2344883603.7639084
1022,2344883600.147376
1023,2344883596.58182
1024,2344883593.066522
1025,2344883589.600773
1026,2344883586.1838746
1027,2344883582.8151383
1028,2344883579.4938846
1029,2344883576.219445
1030,2344883572.99116
1031,2344883569.808378
1032,2344883566.6704583
1033,2344883563.576767
1034,2344883560.526682
1035,2344883557.519589
1036,2344883554.5548806
1037,2344883551.6319604
1038,2344883548.75024
1039,2344883545.9091372
1040,2344883543.1080804
1041,2344883540.346504
1042,2344883537.6238527
1043,2344883534.939577
1044,2344883532.293136
1045,2344883529.6839976
1046,2344883527.111634
1047,2344883524.575528
1048,2344883522.075169
1049,2344883519.6100526
1050,2344883517.179681
1051,2344883514.7835655
1052,2344883512.421224
1053,2344883510.0921793
1054,2344883507.7959614
1055,2344883505.5321093
1056,2344883503.300166
1057,2344883501.099681
1058,2344883498.9302125
1059,2344883496.791322
1060,2344883494.682578
1061,2344883492.603557
1062,2344883490.55384
1063,2344883488.5330124
1064,2344883486.5406685
1065,2344883484.576407
1066,2344883482.6398306
1067,2344883480.730549
1068,2344883478.84818
1069,2344883476.992341
1070,2344883475.1626606
1071,2344883473.358768
1072,2344883471.5803013
1073,2344883469.826902
1074,2344883468.098215
1075,2344883466.393894
1076,2344883464.713596
1077,2344883463.0569797
1078,2344883461.4237127
1079,2344883459.8134675
1080,2344883458.2259164
1081,2344883456.6607423
1082,2344883455.117628
1083,2344883453.596264
1084,2344883452.0963426
1085,2344883450.617562
1086,2344883449.1596236
1087,2344883447.722235
1088,2344883446.3051057
1089,2344883444.90795
1090,2344883443.5304856
1091,2344883442.1724367
1092,2344883440.8335285
1093,2344883439.513492
1094,2344883438.21206
1095,2344883436.9289722
1096,2344883435.663967
1097,2344883434.416793
1098,2344883433.1871967
1099,2344883431.9749303
1100,2344883430.7797503
1101,2344883429.601416
1102,2344883428.43969
1103,2344883427.294337
1104,2344883426.165127
1105,2344883425.0518327
1106,2344883423.95423
1107,2344883422.8720956
1108,2344883421.805215
1109,2344883420.75337
1110,2344883419.716351
1111,2344883418.6939473
1112,2344883417.6859536
1113,2344883416.692168
1114,2344883415.712388
1115,2344883414.746417
1116,2344883413.7940626
1117,2344883412.855129
1118,2344883411.929429
1119,2344883411.016777
1120,2344883410.116987
1121,2344883409.2298794
1122,2344883408.355274
1123,2344883407.4929976
1124,2344883406.6428723
1125,2344883405.8047295
1126,2344883404.9783998
1127,2344883404.1637154
1128,2344883403.360514
1129,2344883402.5686336
1130,2344883401.7879133
1131,2344883401.0181966
1132,2344883400.259329
1133,2344883399.5111547
1134,2344883398.773527
1135,2344883398.0462956
1136,2344883397.3293138
1137,2344883396.622437
1138,2344883395.925523
1139,2344883395.2384305
1140,2344883394.561023
1141,2344883393.893162
1142,2344883393.2347136
1143,2344883392.5855465
1144,2344883391.945528
1145,2344883391.31453
1146,2344883390.6924253
1147,2344883390.079089
1148,2344883389.474396
1149,2344883388.8782263
1150,2344883388.290458
1151,2344883387.7109747
1152,2344883387.1396575
1153,2344883386.5763936
1154,2344883386.021067
1155,2344883385.4735684
1156,2344883384.9337854
1157,2344883384.4016104
1158,2344883383.876936
1159,2344883383.3596554
1160,2344883382.849665
1161,2344883382.3468633
1162,2344883381.851147
1163,2344883381.362418
1164,2344883380.880577
1165,2344883380.4055266
1166,2344883379.937172
1167,2344883379.475418
1168,2344883379.020172
1169,2344883378.571342
1170,2344883378.128837
1171,2344883377.6925697
1172,2344883377.2624493
1173,2344883376.8383927
1174,2344883376.420312
1175,2344883376.0081234
1176,2344883375.601743
1177,2344883375.201092
1178,2344883374.806087
1179,2344883374.4166484
1180,2344883374.0326986
1181,2344883373.65416
1182,2344883373.2809567
1183,2344883372.913013
1184,2344883372.550256
1185,2344883372.1926103
1186,2344883371.840005
1187,2344883371.492369
1188,2344883371.1496344
1189,2344883370.811728
1190,2344883370.4785843
1191,2344883370.1501365
1192,2344883369.8263173
1193,2344883369.507062
1194,2344883369.1923056
1195,2344883368.8819866
1196,2344883368.576039
1197,2344883368.274405
1198,2344883367.9770207
1199,2344883367.6838284
1200,2344883367.3947687
1201,2344883367.1097817
1202,2344883366.828811
1203,2344883366.551801
1204,2344883366.2786956
1205,2344883366.0094376
1206,2344883365.743976
1207,2344883365.482255
1208,2344883365.224222
1209,2344883364.9698257
1210,2344883364.7190146
1211,2344883364.4717393
1212,2344883364.227948
1213,2344883363.987592
1214,2344883363.7506247
1215,2344883363.5169964
1216,2344883363.286662
1217,2344883363.0595713
1218,2344883362.835683
1219,2344883362.6149487
1220,2344883362.397326
1221,2344883362.1827707
1222,2344883361.971238
1223,2344883361.7626877
1224,2344883361.5570765
1225,2344883361.3543625
1226,2344883361.154506
1227,2344883360.9574647
1228,2344883360.763202
1229,2344883360.571676
1230,2344883360.3828497
1231,2344883360.1966844
1232,2344883360.013143
1233,2344883359.832188
1234,2344883359.6537833
1235,2344883359.4778934
1236,2344883359.304481
1237,2344883359.1335144
1238,2344883358.9649563
1239,2344883358.7987733
1240,2344883358.634933
1241,2344883358.473401
1242,2344883358.3141465
1243,2344883358.1571355
1244,2344883358.002338
1245,2344883357.849721
1246,2344883357.6992564
1247,2344883357.550911
1248,2344883357.404657
1249,2344883357.2604637
1250,2344883357.118303
1251,2344883356.9781456
1252,2344883356.839963
1253,2344883356.703728
1254,2344883356.5694127
1255,2344883356.4369903
1256,2344883356.3064346
1257,2344883356.1777186
1258,2344883356.050818
1259,2344883355.9257045
1260,2344883355.8023543
1261,2344883355.680742
1262,2344883355.560844
1263,2344883355.4426355
1264,2344883355.3260937
1265,2344883355.2111936
1266,2344883355.097913
1267,2344883354.986229
1268,2344883354.876118
1269,2344883354.7675595
1270,2344883354.660531
1271,2344883354.5550113
1272,2344883354.4509783
1273,2344883354.348411
1274,2344883354.247289
1275,2344883354.147593
1276,2344883354.049302
1277,2344883353.9523954
1278,2344883353.856855
1279,2344883353.7626605
1280,2344883353.6697946
1281,2344883353.5782366
1282,2344883353.487969
1283,2344883353.3989735
1284,2344883353.311232
1285,2344883353.224727
1286,2344883353.1394415
1287,2344883353.0553584
1288,2344883352.9724593
1289,2344883352.890729
1290,2344883352.81015
1291,2344883352.7307067
1292,2344883352.652384
1293,2344883352.5751634
1294,2344883352.499032
1295,2344883352.4239736
1296,2344883352.349973
1297,2344883352.2770147
1298,2344883352.2050853
1299,2344883352.1341696
1300,2344883352.0642533
1301,2344883351.9953218
1302,2344883351.9273615
1303,2344883351.8603597
1304,2344883351.7943015
1305,2344883351.7291737
1306,2344883351.6649656
1307,2344883351.6016603
1308,2344883351.539249
1309,2344883351.477716
1310,2344883351.417051
1311,2344883351.3572392
1312,2344883351.298272
1313,2344883351.240136
1314,2344883351.1828184
1315,2344883351.1263084
1316,2344883351.0705953
1317,2344883351.015668
1318,2344883350.9615135
1319,2344883350.9081225
1320,2344883350.855484
1321,2344883350.8035874
1322,2344883350.752422
1323,2344883350.701978
1324,2344883350.6522446
1325,2344883350.603212
1326,2344883350.5548706
1327,2344883350.5072107
1328,2344883350.4602227
1329,2344883350.413896
1330,2344883350.368222
1331,2344883350.323192
1332,2344883350.278797
1333,2344883350.235028
1334,2344883350.1918755
1335,2344883350.14933
1336,2344883350.1073856
1337,2344883350.066031
1338,2344883350.02526
1339,2344883349.985063
1340,2344883349.9454336
1341,2344883349.9063616
1342,2344883349.867841
1343,2344883349.829863
1344,2344883349.7924194
1345,2344883349.7555037
1346,2344883349.7191086
1347,2344883349.6832266
1348,2344883349.6478505
1349,2344883349.6129723
1350,2344883349.5785856
1351,2344883349.544684
1352,2344883349.5112596
1353,2344883349.4783063
1354,2344883349.4458175
1355,2344883349.413787
1356,2344883349.382207
1357,2344883349.3510723
1358,2344883349.320377
1359,2344883349.290114
1360,2344883349.2602777
1361,2344883349.2308607
1362,2344883349.2018595
1363,2344883349.1732664
1364,2344883349.1450768
1365,2344883349.1172833
1366,2344883349.0898833
1367,2344883349.062867
1368,2344883349.036234
1369,2344883349.0099745
1370,2344883348.9840856
1371,2344883348.958562
1372,2344883348.9333973
1373,2344883348.908588
1374,2344883348.884127
1375,2344883348.8600125
1376,2344883348.836237
1377,2344883348.8127966
1378,2344883348.7896857
1379,2344883348.7669015
1380,2344883348.7444386
1381,2344883348.722291
1382,2344883348.7004566
1383,2344883348.6789293
1384,2344883348.6577053
1385,2344883348.636781
1386,2344883348.6161513
1387,2344883348.595813
1388,2344883348.5757604
1389,2344883348.55599
1390,2344883348.536499
1391,2344883348.5172834
1392,2344883348.4983373
1393,2344883348.479658
1394,2344883348.4612427
1395,2344883348.4430866
1396,2344883348.425186
1397,2344883348.407539
1398,2344883348.3901396
1399,2344883348.3729854
1400,2344883348.356073
1401,2344883348.3393993
1402,2344883348.3229604
1403,2344883348.306753
1404,2344883348.290774
1405,2344883348.27502
1406,2344883348.2594886
1407,2344883348.244176
1408,2344883348.2290783
1409,2344883348.214194
1410,2344883348.19952
1411,2344883348.185052
1412,2344883348.1707883
1413,2344883348.156725
1414,2344883348.142861
1415,2344883348.129191
1416,2344883348.1157146
1417,2344883348.1024275
1418,2344883348.0893283
1419,2344883348.076413
1420,2344883348.06368
1421,2344883348.0511274
1422,2344883348.0387506
1423,2344883348.026549
1424,2344883348.0145173
1425,2344883348.0026574
1426,2344883347.9909635
1427,2344883347.9794345
1428,2344883347.9680686
1429,2344883347.956863
1430,2344883347.9458146
1431,2344883347.9349217
1432,2344883347.924183
1433,2344883347.9135947
1434,2344883347.9031563
1435,2344883347.892865
1436,2344883347.8827186
1437,2344883347.8727155
1438,2344883347.8628526
1439,2344883347.8531294
1440,2344883347.843543
1441,2344883347.8340917
1442,2344883347.8247733
1443,2344883347.8155866
1444,2344883347.80653
1445,2344883347.7976003
1446,2344883347.788795
1447,2344883347.7801166
1448,2344883347.7715583
1449,2344883347.7631216
1450,2344883347.7548037
1451,2344883347.7466025
1452,2344883347.7385173
1453,2344883347.7305455
1454,2344883347.722687
1455,2344883347.714939
1456,2344883347.7072997
1457,2344883347.6997685
1458,2344883347.6923428
1459,2344883347.6850224
1460,2344883347.677805
1461,2344883347.670689
1462,2344883347.663674
1463,2344883347.656757
1464,2344883347.649937
1465,2344883347.643215
1466,2344883347.6365867
1467,2344883347.630052
1468,2344883347.6236086
1469,2344883347.617257
1470,2344883347.6109943
1471,2344883347.6048193
1472,2344883347.5987325
1473,2344883347.592731
1474,2344883347.5868144
1475,2344883347.580981
1476,2344883347.5752287
1477,2344883347.5695586
1478,2344883347.563969
1479,2344883347.558457
1480,2344883347.5530224
1481,2344883347.547665
1482,2344883347.5423837
1483,2344883347.5371757
1484,2344883347.5320425
1485,2344883347.5269804
1486,2344883347.5219903
1487,2344883347.51707
1488,2344883347.5122194
1489,2344883347.507437
1490,2344883347.502722
1491,2344883347.498073
1492,2344883347.4934907
1493,2344883347.488971
1494,2344883347.4845176
1495,2344883347.480125
1496,2344883347.475795
1497,2344883347.471525
1498,2344883347.4673166
1499,2344883347.4631677
1500,2344883347.4590764
1501,2344883347.455043
1502,2344883347.451066
1503,2344883347.4471455
1504,2344883347.44328
1505,2344883347.439469
1506,2344883347.435712
1507,2344883347.432008
1508,2344883347.4283557
1509,2344883347.4247546
1510,2344883347.421205
1511,2344883347.4177055
1512,2344883347.414255
1513,2344883347.4108534
1514,2344883347.4074993
1515,2344883347.4041924
1516,2344883347.4009323
1517,2344883347.3977184
1518,2344883347.3945494
1519,2344883347.3914247
1520,2344883347.3883452
1521,2344883347.3853083
1522,2344883347.3823147
1523,2344883347.379362
1524,2344883347.376453
1525,2344883347.3735833
1526,2344883347.3707547
1527,2344883347.367965
1528,2344883347.3652163
1529,2344883347.362505
1530,2344883347.359833
1531,2344883347.3571973
1532,2344883347.3545995
1533,2344883347.352038
1534,2344883347.349513
1535,2344883347.3470235
1536,2344883347.3445697
1537,2344883347.342149
1538,2344883347.339763
1539,2344883347.337411
1540,2344883347.3350916
1541,2344883347.332806
1542,2344883347.3305516
1543,2344883347.3283296
1544,2344883347.3261385
1545,2344883347.3239775
1546,2344883347.321849
1547,2344883347.3197484
1548,2344883347.317678
1549,2344883347.3156376
1550,2344883347.313625
1551,2344883347.311641
1552,2344883347.3096857
1553,2344883347.307757
1554,2344883347.3058558
1555,2344883347.303982
1556,2344883347.302133
1557,2344883347.3003116
1558,2344883347.2985163
1559,2344883347.2967453
1560,2344883347.294998
1561,2344883347.2932773
1562,2344883347.29158
1563,2344883347.2899065
1564,2344883347.288257
1565,2344883347.2866306
1566,2344883347.285027
1567,2344883347.2834463
1568,2344883347.2818885
1569,2344883347.280351
1570,2344883347.278836
1571,2344883347.2773423
1572,2344883347.2758703
1573,2344883347.2744184
1574,2344883347.2729874
1575,2344883347.2715755
1576,2344883347.2701845
1577,2344883347.268812
1578,2344883347.2674603
1579,2344883347.266126
1580,2344883347.2648125
1581,2344883347.2635164
1582,2344883347.262239
1583,2344883347.260978
1584,2344883347.259737
1585,2344883347.258512
1586,2344883347.257305
1587,2344883347.2561154
1588,2344883347.2549415
1589,2344883347.2537847
1590,2344883347.252644
1591,2344883347.251519
1592,2344883347.2504106
1593,2344883347.2493176
1594,2344883347.24824
1595,2344883347.247177
1596,2344883347.24613
1597,2344883347.2450967
1598,2344883347.244079
1599,2344883347.243075
1600,2344883347.242085
1601,2344883347.241109
1602,2344883347.2401476
1603,2344883347.2391987
1604,2344883347.238264
1605,2344883347.237343
1606,2344883347.2364335
1607,2344883347.2355375
1608,2344883347.2346535
1609,2344883347.233783
1610,2344883347.232924
1611,2344883347.232077
1612,2344883347.231242
1613,2344883347.2304196
1614,2344883347.2296076
1615,2344883347.228808
1616,2344883347.228019
1617,2344883347.227241
1618,2344883347.2264752
1619,2344883347.2257195
1620,2344883347.224974
1621,2344883347.2242403
1622,2344883347.2235155
1623,2344883347.222801
1624,2344883347.2220974
1625,2344883347.221403
1626,2344883347.220719
1627,2344883347.220044
1628,2344883347.2193785
1629,2344883347.218723
1630,2344883347.2180767
1631,2344883347.217439
1632,2344883347.2168107
1633,2344883347.2161913
1634,2344883347.215581
1635,2344883347.2149777
1636,2344883347.2143846
1637,2344883347.213798
1638,2344883347.2132215
1639,2344883347.212652
1640,2344883347.2120924
1641,2344883347.2115383
1642,2344883347.2109933
1643,2344883347.2104554
1644,2344883347.2099247
1645,2344883347.2094026
1646,2344883347.208888
1647,2344883347.20838
1648,2344883347.207879
1649,2344883347.207385
1650,2344883347.2068987
1651,2344883347.2064185
1652,2344883347.205945
1653,2344883347.205478
1654,2344883347.2050185
1655,2344883347.204565
1656,2344883347.2041183
1657,2344883347.203678
1658,2344883347.2032437
1659,2344883347.2028146
1660,2344883347.2023916
1661,2344883347.201976
1662,2344883347.2015657
1663,2344883347.2011595
1664,2344883347.200762
1665,2344883347.200368
1666,2344883347.1999803
1667,2344883347.1995974
1668,2344883347.199221
1669,2344883347.1988487
1670,2344883347.1984825
1671,2344883347.1981206
1672,2344883347.1977644
1673,2344883347.197413
1674,2344883347.197067
1675,2344883347.1967254
1676,2344883347.1963887
1677,2344883347.1960573
1678,2344883347.1957307
1679,2344883347.195408
1680,2344883347.1950893
1681,2344883347.194777
1682,2344883347.1944666
1683,2344883347.194162
1684,2344883347.1938624
1685,2344883347.193566
1686,2344883347.193273
1687,2344883347.1929855
1688,2344883347.192702
1689,2344883347.192422
1690,2344883347.1921463
1691,2344883347.191874
1692,2344883347.1916056
1693,2344883347.1913404
1694,2344883347.1910806
1695,2344883347.1908236
1696,2344883347.19057
1697,2344883347.1903205
1698,2344883347.1900744
1699,2344883347.189831
1700,2344883347.189591
1701,2344883347.189355
1702,2344883347.1891227
1703,2344883347.188893
1704,2344883347.1886673
1705,2344883347.188444
1706,2344883347.1882243
1707,2344883347.1880074
1708,2344883347.1877937
1709,2344883347.1875825
1710,2344883347.187375
1711,2344883347.18717
1712,2344883347.1869693
1713,2344883347.186769
1714,2344883347.186573
1715,2344883347.1863794
1716,2344883347.186189
1717,2344883347.1860003
1718,2344883347.185816
1719,2344883347.185632
1720,2344883347.1854525
1721,2344883347.1852746
1722,2344883347.185098
1723,2344883347.1849265
1724,2344883347.1847563
1725,2344883347.1845875
1726,2344883347.184422
1727,2344883347.184259
1728,2344883347.184098
1729,2344883347.183939
1730,2344883347.1837835
1731,2344883347.1836286
1732,2344883347.183477
1733,2344883347.183327
1734,2344883347.183179
1735,2344883347.183033
1736,2344883347.1828895
1737,2344883347.1827483
1738,2344883347.182609
1739,2344883347.1824713
1740,2344883347.1823354
1741,2344883347.1822014
1742,2344883347.18207
1743,2344883347.181939
1744,2344883347.181811
1745,2344883347.1816854
1746,2344883347.18156
1747,2344883347.181437
1748,2344883347.181315
1749,2344883347.181197
1750,2344883347.1810794
1751,2344883347.1809626
1752,2344883347.1808486
1753,2344883347.1807356
1754,2344883347.1806235
1755,2344883347.180515
1756,2344883347.180406
1757,2344883347.1803
1758,2344883347.1801944
1759,2344883347.1800904
1760,2344883347.1799884
1761,2344883347.179888
1762,2344883347.1797886
1763,2344883347.179691
1764,2344883347.179594
1765,2344883347.179499
1766,2344883347.179405
1767,2344883347.1793127
1768,2344883347.1792216
1769,2344883347.179132
1770,2344883347.1790423
1771,2344883347.178955
1772,2344883347.1788692
1773,2344883347.1787844
1774,2344883347.1787004
1775,2344883347.1786184
1776,2344883347.1785364
1777,2344883347.1784563
1778,2344883347.1783776
1779,2344883347.1782985
1780,2344883347.178222
1781,2344883347.178146
1782,2344883347.178071
1783,2344883347.1779976
1784,2344883347.177924
1785,2344883347.177853
1786,2344883347.1777835
1787,2344883347.177713
1788,2344883347.177644
1789,2344883347.1775765
1790,2344883347.1775103
1791,2344883347.177444
1792,2344883347.1773787
1793,2344883347.1773157
1794,2344883347.177253
1795,2344883347.1771894
1796,2344883347.1771283
1797,2344883347.1770678
1798,2344883347.177009
1799,2344883347.17695
1800,2344883347.1768923
1801,2344883347.176834
1802,2344883347.176779
1803,2344883347.176723
1804,2344883347.1766686
1805,2344883347.1766143
1806,2344883347.1765614
1807,2344883347.1765094
1808,2344883347.176457
1809,2344883347.1764064
1810,2344883347.176356
1811,2344883347.1763062
1812,2344883347.176257
1813,2344883347.176209
1814,2344883347.176162
1815,2344883347.176115
1816,2344883347.1760683
1817,2344883347.1760235
1818,2344883347.1759787
1819,2344883347.175934
1820,2344883347.17589
1821,2344883347.1758475
1822,2344883347.1758056
1823,2344883347.1757636
1824,2344883347.1757216
1825,2344883347.1756816
1826,2344883347.175641
1827,2344883347.175602
1828,2344883347.175563
1829,2344883347.1755247
1830,2344883347.1754866
1831,2344883347.17545
1832,2344883347.1754127
1833,2344883347.175376
1834,2344883347.1753407
1835,2344883347.175306
1836,2344883347.1752706
1837,2344883347.1752367
1838,2344883347.1752024
1839,2344883347.1751685
1840,2344883347.175136
1841,2344883347.175104
1842,2344883347.175072
1843,2344883347.1750402
1844,2344883347.1750093
1845,2344883347.1749797
1846,2344883347.174948
1847,2344883347.1749196
1848,2344883347.17489
1849,2344883347.1748605
1850,2344883347.1748323
1851,2344883347.174804
1852,2344883347.1747766
1853,2344883347.17475
1854,2344883347.174722
1855,2344883347.174696
1856,2344883347.1746697
1857,2344883347.1746445
1858,2344883347.174619
1859,2344883347.174594
1860,2344883347.174568
1861,2344883347.174544
1862,2344883347.174521
1863,2344883347.1744967
1864,2344883347.1744733
1865,2344883347.1744504
1866,2344883347.174427
1867,2344883347.1744046
1868,2344883347.1743836
1869,2344883347.1743617
1870,2344883347.1743407
1871,2344883347.174319
1872,2344883347.1742973
1873,2344883347.174278
1874,2344883347.174257
1875,2344883347.1742373
1876,2344883347.174217
1877,2344883347.174198
1878,2344883347.1741786
1879,2344883347.174159
1880,2344883347.1741414
1881,2344883347.174123
1882,2344883347.1741047
1883,2344883347.174087
1884,2344883347.1740694
1885,2344883347.174052
1886,2344883347.174035
1887,2344883347.174018
1888,2344883347.1740017
1889,2344883347.173985
1890,2344883347.1739693
1891,2344883347.1739535
1892,2344883347.1739373
1893,2344883347.1739225
1894,2344883347.1739063
1895,2344883347.173892
1896,2344883347.1738763
1897,2344883347.173862
1898,2344883347.173847
1899,2344883347.1738343
1900,2344883347.173819
1901,2344883347.173805
1902,2344883347.1737924
1903,2344883347.1737785
1904,2344883347.173765
1905,2344883347.1737523
1906,2344883347.173739
1907,2344883347.1737266
1908,2344883347.173714
1909,2344883347.173702
1910,2344883347.1736894
1911,2344883347.173678
1912,2344883347.1736665
1913,2344883347.1736546
1914,2344883347.1736436
1915,2344883347.1736317
1916,2344883347.17362
1917,2344883347.1736093
1918,2344883347.173599
1919,2344883347.1735883
1920,2344883347.173577
1921,2344883347.1735663
1922,2344883347.1735563
1923,2344883347.1735463
1924,2344883347.173536
1925,2344883347.173527
1926,2344883347.1735168
1927,2344883347.1735077
1928,2344883347.173497
1929,2344883347.173489
1930,2344883347.1734796
1931,2344883347.1734705
1932,2344883347.173462
1933,2344883347.173453
1934,2344883347.1734443
1935,2344883347.1734347
1936,2344883347.173427
1937,2344883347.173419
1938,2344883347.173411
1939,2344883347.1734023
1940,2344883347.1733956
1941,2344883347.173387
1942,2344883347.1733794
1943,2344883347.173372
1944,2344883347.173364
1945,2344883347.1733575
1946,2344883347.1733494
1947,2344883347.173342
1948,2344883347.173335
1949,2344883347.173329
1950,2344883347.1733212
1951,2344883347.1733136
1952,2344883347.1733084
1953,2344883347.173301
1954,2344883347.173295
1955,2344883347.1732883
1956,2344883347.1732826
1957,2344883347.1732755
1958,2344883347.1732693
1959,2344883347.1732635
1960,2344883347.1732574
1961,2344883347.1732516
1962,2344883347.173246
1963,2344883347.17324
1964,2344883347.173234
1965,2344883347.173228
1966,2344883347.1732235
1967,2344883347.173218
1968,2344883347.173213
1969,2344883347.1732073
1970,2344883347.173202
1971,2344883347.1731963
1972,2344883347.173192
1973,2344883347.173186
1974,2344883347.173182
1975,2344883347.1731777
1976,2344883347.1731725
1977,2344883347.1731677
1978,2344883347.173163
1979,2344883347.1731586
1980,2344883347.1731544
1981,2344883347.173149
1982,2344883347.173145
1983,2344883347.173141
1984,2344883347.1731367
1985,2344883347.1731324
1986,2344883347.173128
1987,2344883347.1731243
1988,2344883347.17312
1989,2344883347.1731167
1990,2344883347.1731124
1991,2344883347.1731086
1992,2344883347.173105
1993,2344883347.173101
1994,2344883347.1730976
1995,2344883347.1730943
1996,2344883347.1730895
1997,2344883347.173087
1998,2344883347.1730833
1999,2344883347.17308
2000,2344883347.173076
2001,2344883347.1730733
2002,2344883347.1730695
2003,2344883347.173067
2004,2344883347.1730633
2005,2344883347.17306
2006,2344883347.173057
2007,2344883347.1730537
2008,2344883347.1730504
2009,2344883347.1730485
2010,2344883347.173044
2011,2344883347.1730423
2012,2344883347.173039
2013,2344883347.1730366
2014,2344883347.173033
2015,2344883347.173031
2016,2344883347.173028
2017,2344883347.1730256
2018,2344883347.1730223
2019,2344883347.17302
2020,2344883347.173017
2021,2344883347.1730156
2022,2344883347.1730123
2023,2344883347.1730103
2024,2344883347.173008
2025,2344883347.173005
2026,2344883347.1730027
2027,2344883347.1730003
2028,2344883347.172999
2029,2344883347.172997
2030,2344883347.1729937
2031,2344883347.172992
2032,2344883347.1729894
2033,2344883347.1729875
2034,2344883347.1729856
2035,2344883347.1729836
2036,2344883347.1729813
2037,2344883347.17298
2038,2344883347.172977
2039,2344883347.172975
2040,2344883347.172973
2041,2344883347.1729712
2042,2344883347.17297
2043,2344883347.1729674
2044,2344883347.172966
2045,2344883347.172964
2046,2344883347.172962
2047,2344883347.1729608
2048,2344883347.172959
2049,2344883347.172957
2050,2344883347.1729555
2051,2344883347.1729536
2052,2344883347.172952
2053,2344883347.1729503
2054,2344883347.172949
2055,2344883347.172948
2056,2344883347.172946
2057,2344883347.1729445
2058,2344883347.1729436
2059,2344883347.172941
2060,2344883347.1729403
2061,2344883347.1729383
2062,2344883347.1729374
2063,2344883347.1729364
2064,2344883347.172935
2065,2344883347.172933
2066,2344883347.172931
2067,2344883347.1729302
2068,2344883347.1729293
2069,2344883347.172928
2070,2344883347.1729274
2071,2344883347.172925
2072,2344883347.1729245
2073,2344883347.172923
2074,2344883347.172922
2075,2344883347.1729217
2076,2344883347.17292
2077,2344883347.1729183
2078,2344883347.1729174
2079,2344883347.172916
2080,2344883347.172915
2081,2344883347.172914
2082,2344883347.1729136
2083,2344883347.1729126
2084,2344883347.172911
2085,2344883347.1729107
2086,2344883347.172909
2087,2344883347.1729083
2088,2344883347.1729074
2089,2344883347.172906
2090,2344883347.1729054
2091,2344883347.172904
2092,2344883347.1729035
2093,2344883347.1729026
2094,2344883347.1729016
2095,2344883347.1729007
2096,2344883347.172899
2097,2344883347.1728992
2098,2344883347.172898
2099,2344883347.172897
2100,2344883347.172897
2101,2344883347.172896
2102,2344883347.1728945
2103,2344883347.172894
2104,2344883347.1728935
2105,2344883347.1728916
2106,2344883347.172891
2107,2344883347.1728907
2108,2344883347.17289
2109,2344883347.1728897
2110,2344883347.1728888
2111,2344883347.1728888
2112,2344883347.1728873
2113,2344883347.172887
2114,2344883347.172886
2115,2344883347.172885
2116,2344883347.172885
2117,2344883347.172884
2118,2344883347.1728835
2119,2344883347.1728826
2120,2344883347.172882
2121,2344883347.1728816
2122,2344883347.1728806
2123,2344883347.1728806
2124,2344883347.17288
2125,2344883347.1728787
2126,2344883347.172879
2127,2344883347.1728787
2128,2344883347.172878
2129,2344883347.172877
2130,2344883347.1728764
2131,2344883347.172876
2132,2344883347.1728754
2133,2344883347.172875
2134,2344883347.1728745
2135,2344883347.1728735
2136,2344883347.1728735
2137,2344883347.172873
2138,2344883347.172873
2139,2344883347.1728725
2140,2344883347.1728716
2141,2344883347.172871
2142,2344883347.1728706
2143,2344883347.1728697
2144,2344883347.172869
2145,2344883347.1728687
2146,2344883347.172869
2147,2344883347.1728683
2148,2344883347.172868
2149,2344883347.172868
2150,2344883347.172867
2151,2344883347.172866
2152,2344883347.172866
2153,2344883347.1728663
2154,2344883347.1728654
2155,2344883347.172865
2156,2344883347.172865
2157,2344883347.172864
2158,2344883347.172864
2159,2344883347.172864
2160,2344883347.1728635
2161,2344883347.1728625
2162,2344883347.172863
2163,2344883347.1728625
2164,2344883347.172862
2165,2344883347.172862
2166,2344883347.172861
2167,2344883347.1728606
2168,2344883347.17286
2169,2344883347.1728606
2170,2344883347.1728606
2171,2344883347.172859
2172,2344883347.172859
2173,2344883347.1728587
2174,2344883347.172859
2175,2344883347.1728587
2176,2344883347.172858
2177,2344883347.1728578
2178,2344883347.172858
2179,2344883347.1728578
2180,2344883347.1728573
2181,2344883347.172857
2182,2344883347.1728573
2183,2344883347.1728563
2184,2344883347.172856
2185,2344883347.172857
2186,2344883347.1728554
2187,2344883347.172856
2188,2344883347.1728554
2189,2344883347.1728554
2190,2344883347.172855
2191,2344883347.172855
2192,2344883347.1728554
2193,2344883347.172855
2194,2344883347.172854
2195,2344883347.172854
2196,2344883347.172854
2197,2344883347.172854
2198,2344883347.172853
2199,2344883347.1728525
2200,2344883347.172853
2201,2344883347.172853
2202,2344883347.172852
2203,2344883347.172852
2204,2344883347.172852
2205,2344883347.1728525
2206,2344883347.172852
2207,2344883347.172851
2208,2344883347.1728516
2209,2344883347.1728516
2210,2344883347.172851
2211,2344883347.1728506
2212,2344883347.17285
2213,2344883347.1728506
2214,2344883347.1728506
2215,2344883347.17285
2216,2344883347.1728497
2217,2344883347.1728497
2218,2344883347.17285
2219,2344883347.172849
2220,2344883347.1728497
2221,2344883347.172849
2222,2344883347.172849
2223,2344883347.1728487
2224,2344883347.1728487
2225,2344883347.1728487
2226,2344883347.172848
2227,2344883347.172848
2228,2344883347.1728477
2229,2344883347.172848
2230,2344883347.1728487
2231,2344883347.1728477
2232,2344883347.1728473
2233,2344883347.172848
2234,2344883347.1728473
2235,2344883347.1728477
2236,2344883347.1728473
2237,2344883347.172847
2238,2344883347.1728473
2239,2344883347.172847
2240,2344883347.172847
2241,2344883347.1728473
2242,2344883347.172847
2243,2344883347.172847
2244,2344883347.172847
2245,2344883347.1728463
2246,2344883347.1728463
2247,2344883347.172847
2248,2344883347.172846
2249,2344883347.1728454
2250,2344883347.1728463
2251,2344883347.172846
2252,2344883347.1728454
2253,2344883347.172845
2254,2344883347.172846
2255,2344883347.1728454
2256,2344883347.1728454
2257,2344883347.1728454
2258,2344883347.172845
2259,2344883347.172845
2260,2344883347.1728444
2261,2344883347.1728444
2262,2344883347.1728444
2263,2344883347.172845
2264,2344883347.1728444
2265,2344883347.172844
2266,2344883347.1728444
2267,2344883347.172845
2268,2344883347.1728444
2269,2344883347.1728435
2270,2344883347.172844
2271,2344883347.172844
2272,2344883347.1728435
2273,2344883347.1728444
2274,2344883347.172844
2275,2344883347.172844
2276,2344883347.1728435
2277,2344883347.1728444
2278,2344883347.172843
2279,2344883347.1728435
2280,2344883347.1728435
2281,2344883347.1728435
2282,2344883347.172843
2283,2344883347.1728435
2284,2344883347.1728435
2285,2344883347.172843
2286,2344883347.172843
2287,2344883347.1728425
2288,2344883347.172843
2289,2344883347.172843
2290,2344883347.1728425
2291,2344883347.1728435
2292,2344883347.1728425
2293,2344883347.1728425
2294,2344883347.1728425
2295,2344883347.172843
2296,2344883347.1728425
2297,2344883347.1728425
2298,2344883347.1728425
2299,2344883347.1728425
2300,2344883347.172843
2301,2344883347.172842
2302,2344883347.172842
2303,2344883347.1728425
2304,2344883347.1728425
2305,2344883347.172842
2306,2344883347.172842
2307,2344883347.1728415
2308,2344883347.1728425
2309,2344883347.172842
2310,2344883347.172842
2311,2344883347.1728415
2312,2344883347.172842
2313,2344883347.172842
2314,2344883347.1728415
2315,2344883347.172841
2316,2344883347.1728415
2317,2344883347.172842
2318,2344883347.172842
2319,2344883347.172841
2320,2344883347.172841
2321,2344883347.1728415
2322,2344883347.172841
2323,2344883347.1728415
2324,2344883347.1728406
2325,2344883347.172841
2326,2344883347.172841
2327,2344883347.172841
2328,2344883347.172841
2329,2344883347.1728406
2330,2344883347.172841
2331,2344883347.1728415
2332,2344883347.1728406
2333,2344883347.1728406
2334,2344883347.172841
2335,2344883347.1728406
2336,2344883347.1728415
2337,2344883347.172841
2338,2344883347.17284
2339,2344883347.172841
2340,2344883347.17284
2341,2344883347.172841
2342,2344883347.1728406
2343,2344883347.1728406
2344,2344883347.172841
2345,2344883347.1728406
2346,2344883347.1728406
2347,2344883347.172841
2348,2344883347.1728406
2349,2344883347.1728406
2350,2344883347.1728406
2351,2344883347.172841
2352,2344883347.1728406
2353,2344883347.17284
2354,2344883347.1728406
2355,2344883347.17284
2356,2344883347.1728406
2357,2344883347.1728406
2358,2344883347.1728406
2359,2344883347.1728406
2360,2344883347.172841
2361,2344883347.1728406
2362,2344883347.17284
2363,2344883347.17284
2364,2344883347.17284
2365,2344883347.1728396
2366,2344883347.17284
2367,2344883347.1728406
2368,2344883347.17284
2369,2344883347.17284
2370,2344883347.1728396
2371,2344883347.1728406
2372,2344883347.172841
2373,2344883347.17284
2374,2344883347.1728396
2375,2344883347.17284
2376,2344883347.17284
2377,2344883347.17284
2378,2344883347.17284
2379,2344883347.172839
2380,2344883347.17284
2381,2344883347.17284
2382,2344883347.1728396
2383,2344883347.17284
2384,2344883347.1728396
2385,2344883347.17284
2386,2344883347.17284
2387,2344883347.17284
2388,2344883347.17284
2389,2344883347.17284
2390,2344883347.17284
2391,2344883347.17284
2392,2344883347.17284
2393,2344883347.17284
2394,2344883347.1728396
2395,2344883347.1728406
2396,2344883347.17284
2397,2344883347.1728396
2398,2344883347.17284
2399,2344883347.17284
2400,2344883347.17284
2401,2344883347.1728396
2402,2344883347.172839
2403,2344883347.17284
2404,2344883347.1728396
2405,2344883347.17284
2406,2344883347.172839
2407,2344883347.1728396
2408,2344883347.17284
2409,2344883347.1728396
2410,2344883347.1728396
2411,2344883347.17284
2412,2344883347.1728396
2413,2344883347.1728396
2414,2344883347.1728396
2415,2344883347.172839
2416,2344883347.1728396
2417,2344883347.1728396
2418,2344883347.1728396
2419,2344883347.172839
2420,2344883347.1728396
2421,2344883347.1728396
2422,2344883347.172839
2423,2344883347.17284
2424,2344883347.1728396
2425,2344883347.172839
2426,2344883347.1728396
2427,2344883347.1728396
2428,2344883347.1728396
2429,2344883347.172839
2430,2344883347.1728387
2431,2344883347.17284
2432,2344883347.1728396
2433,2344883347.1728396
2434,2344883347.17284
2435,2344883347.172839
2436,2344883347.172839
2437,2344883347.1728396
2438,2344883347.1728396
2439,2344883347.172839
2440,2344883347.172839
2441,2344883347.17284
2442,2344883347.17284
2443,2344883347.1728396
2444,2344883347.1728396
2445,2344883347.1728396
2446,2344883347.1728387
2447,2344883347.172839
2448,2344883347.17284
2449,2344883347.1728396
2450,2344883347.1728396
2451,2344883347.172838
2452,2344883347.17284
2453,2344883347.172839
2454,2344883347.172839
2455,2344883347.172839
2456,2344883347.1728396
2457,2344883347.1728396
2458,2344883347.172839
2459,2344883347.1728396
2460,2344883347.172839
2461,2344883347.1728387
2462,2344883347.1728396
2463,2344883347.1728387
2464,2344883347.172839
2465,2344883347.1728396
2466,2344883347.172839
2467,2344883347.1728396
2468,2344883347.1728396
2469,2344883347.1728396
2470,2344883347.1728387
2471,2344883347.1728396
2472,2344883347.1728396
2473,2344883347.1728387
2474,2344883347.1728396
2475,2344883347.172839
2476,2344883347.1728387
2477,2344883347.172839
2478,2344883347.1728387
2479,2344883347.1728396
2480,2344883347.1728396
2481,2344883347.172839
2482,2344883347.172838
2483,2344883347.172839
2484,2344883347.172839
2485,2344883347.1728396
2486,2344883347.172839
2487,2344883347.172839
2488,2344883347.172839
2489,2344883347.172839
2490,2344883347.1728387
2491,2344883347.172839
2492,2344883347.1728387
2493,2344883347.172839
2494,2344883347.172839
2495,2344883347.1728387
2496,2344883347.1728387
2497,2344883347.1728387
2498,2344883347.1728396
2499,2344883347.1728396
2500,2344883347.172839
2501,2344883347.1728387
2502,2344883347.1728387
2503,2344883347.1728387
2504,2344883347.1728387
2505,2344883347.172839
2506,2344883347.1728396
2507,2344883347.172839
2508,2344883347.1728396
2509,2344883347.1728387
2510,2344883347.172839
2511,2344883347.1728396
2512,2344883347.1728396
2513,2344883347.172839
2514,2344883347.1728396
2515,2344883347.1728387
2516,2344883347.1728387
2517,2344883347.172839
2518,2344883347.172839
2519,2344883347.172839
2520,2344883347.172839
2521,2344883347.172839
2522,2344883347.1728387
2523,2344883347.172839
2524,2344883347.1728396
2525,2344883347.1728387
2526,2344883347.172839
2527,2344883347.1728387
2528,2344883347.172839
2529,2344883347.172839
2530,2344883347.1728396
2531,2344883347.172839
2532,2344883347.1728387
2533,2344883347.172839
2534,2344883347.172839
2535,2344883347.1728387
2536,2344883347.1728387
2537,2344883347.172839
2538,2344883347.1728387
2539,2344883347.1728396
2540,2344883347.172839
2541,2344883347.1728387
2542,2344883347.1728396
2543,2344883347.172839
2544,2344883347.1728387
2545,2344883347.172839
2546,2344883347.172839
2547,2344883347.172839
2548,2344883347.1728387
2549,2344883347.172839
2550,2344883347.172839
2551,2344883347.172839
2552,2344883347.1728387
2553,2344883347.172839
2554,2344883347.1728387
2555,2344883347.1728387
2556,2344883347.172838
2557,2344883347.172839
2558,2344883347.172839
2559,2344883347.172839
2560,2344883347.1728387
2561,2344883347.172839
2562,2344883347.1728387
2563,2344883347.1728387
2564,2344883347.172839
2565,2344883347.172839
2566,2344883347.172839
2567,2344883347.1728387
2568,2344883347.172839
2569,2344883347.1728387
2570,2344883347.172839
2571,2344883347.172839
2572,2344883347.172839
2573,2344883347.1728387
2574,2344883347.172839
2575,2344883347.1728396
2576,2344883347.172839
2577,2344883347.1728387
2578,2344883347.172839
2579,2344883347.1728396
2580,2344883347.1728396
2581,2344883347.1728387
2582,2344883347.172839
2583,2344883347.1728387
2584,2344883347.172839
2585,2344883347.1728387
2586,2344883347.1728387
2587,2344883347.1728387
2588,2344883347.172839
2589,2344883347.172839
2590,2344883347.172839
2591,2344883347.172839
2592,2344883347.172838
2593,2344883347.172838
2594,2344883347.1728387
2595,2344883347.172838
2596,2344883347.172839
2597,2344883347.172838
2598,2344883347.172839
2599,2344883347.1728387
2600,2344883347.1728387
2601,2344883347.1728387
2602,2344883347.1728387
2603,2344883347.1728387
2604,2344883347.172839
2605,2344883347.1728387
2606,2344883347.1728387
2607,2344883347.1728396
2608,2344883347.172838
2609,2344883347.172839
2610,2344883347.172839
2611,2344883347.172839
2612,2344883347.1728387
2613,2344883347.1728396
2614,2344883347.1728387
2615,2344883347.172839
2616,2344883347.1728387
2617,2344883347.1728387
2618,2344883347.172839
2619,2344883347.1728387
2620,2344883347.1728396
2621,2344883347.1728387
2622,2344883347.1728396
2623,2344883347.1728387
2624,2344883347.172838
2625,2344883347.172839
2626,2344883347.172838
2627,2344883347.1728387
2628,2344883347.172839
2629,2344883347.172839
2630,2344883347.1728396
2631,2344883347.1728387
2632,2344883347.172839
2633,2344883347.1728387
2634,2344883347.172839
2635,2344883347.172838
2636,2344883347.172839
2637,2344883347.1728387
2638,2344883347.172839
2639,2344883347.1728387
2640,2344883347.1728387
2641,2344883347.172839
2642,2344883347.172839
2643,2344883347.172839
2644,2344883347.172839
2645,2344883347.1728396
2646,2344883347.1728396
2647,2344883347.1728387
2648,2344883347.172839
2649,2344883347.1728387
2650,2344883347.1728387
2651,2344883347.1728387
2652,2344883347.1728387
2653,2344883347.1728387
2654,2344883347.172839
2655,2344883347.1728396
2656,2344883347.1728387
2657,2344883347.1728387
2658,2344883347.1728387
2659,2344883347.172839
2660,2344883347.172838
2661,2344883347.1728387
2662,2344883347.1728387
2663,2344883347.172839
2664,2344883347.1728396
2665,2344883347.1728387
2666,2344883347.1728387
2667,2344883347.172839
2668,2344883347.172839
2669,2344883347.172839
2670,2344883347.1728387
2671,2344883347.172838
2672,2344883347.172839
2673,2344883347.172838
2674,2344883347.172839
2675,2344883347.172838
2676,2344883347.172838
2677,2344883347.172838
2678,2344883347.1728387
2679,2344883347.172839
2680,2344883347.1728387
2681,2344883347.1728387
2682,2344883347.172839
2683,2344883347.1728396
2684,2344883347.1728387
2685,2344883347.172839
2686,2344883347.1728387
2687,2344883347.1728387
2688,2344883347.172838
2689,2344883347.1728387
2690,2344883347.1728387
2691,2344883347.1728387
2692,2344883347.172839
2693,2344883347.1728387
2694,2344883347.172839
2695,2344883347.1728387
2696,2344883347.172839
2697,2344883347.172839
2698,2344883347.1728387
2699,2344883347.172839
2700,2344883347.172839
2701,2344883347.172839
2702,2344883347.1728387
2703,2344883347.172839
2704,2344883347.172839
2705,2344883347.1728387
2706,2344883347.172839
2707,2344883347.172839
2708,2344883347.172839
2709,2344883347.172839
2710,2344883347.1728396
2711,2344883347.172839
2712,2344883347.172839
2713,2344883347.172839
2714,2344883347.172839
2715,2344883347.172839
2716,2344883347.1728396
2717,2344883347.172838
2718,2344883347.172839
2719,2344883347.172839
2720,2344883347.1728387
2721,2344883347.172839
2722,2344883347.172839
2723,2344883347.172838
2724,2344883347.172839
2725,2344883347.1728387
2726,2344883347.1728396
2727,2344883347.172839
2728,2344883347.1728387
2729,2344883347.1728387
2730,2344883347.1728387
2731,2344883347.172839
2732,2344883347.1728396
2733,2344883347.172839
2734,2344883347.1728387
2735,2344883347.172839
2736,2344883347.1728387
2737,2344883347.172839
2738,2344883347.172839
2739,2344883347.1728387
2740,2344883347.172838
2741,2344883347.172839
2742,2344883347.1728396
